Country Name,Sovereign,GEO Region,GEO Subregion,GEO ID,ISO 2 Code,ISO 3 Code,co_90,co_91,co_92,co_93,co_94,co_95,co_96,co_97,co_98,co_99,co_00,co_01,co_02,co_03,co_04,co_05,co_06,co_07,co_08,co_09,co_10,co_11,co_12
Afghanistan,Afghanistan,Asia + Pacific,South Asia,4,AF,AFG,NULL,NULL,NULL,NULL,NULL,NULL,NULL,NULL,NULL,NULL,NULL,NULL,NULL,NULL,NULL,NULL,NULL,NULL,NULL,NULL,NULL,NULL,NULL
Albania,Albania,Europe,Central Europe,8,AL,ALB,NULL,NULL,NULL,NULL,NULL,NULL,NULL,NULL,NULL,NULL,NULL,NULL,NULL,NULL,NULL,NULL,NULL,NULL,NULL,NULL,NULL,NULL,NULL
Algeria,Algeria,Africa,Northern Africa,12,DZ,DZA,NULL,NULL,NULL,NULL,NULL,NULL,NULL,NULL,NULL,NULL,NULL,NULL,NULL,NULL,NULL,NULL,NULL,NULL,NULL,NULL,NULL,NULL,NULL
American Samoa,United States of America,Asia + Pacific,South Pacific,16,AS,ASM,NULL,NULL,NULL,NULL,NULL,NULL,NULL,NULL,NULL,NULL,NULL,NULL,NULL,NULL,NULL,NULL,NULL,NULL,NULL,NULL,NULL,NULL,NULL
Andorra,Andorra,Europe,Western Europe,20,AD,AND,NULL,NULL,NULL,NULL,NULL,NULL,NULL,NULL,NULL,NULL,NULL,NULL,NULL,NULL,NULL,NULL,NULL,NULL,NULL,NULL,NULL,NULL,NULL
Angola,Angola,Africa,Southern Africa,24,AO,AGO,NULL,NULL,NULL,NULL,NULL,NULL,NULL,NULL,NULL,NULL,NULL,NULL,NULL,NULL,NULL,NULL,NULL,NULL,NULL,NULL,NULL,NULL,NULL
Anguilla,United Kingdom of Great Britain and Northern Ireland,Latin America + Caribbean,Caribbean,28,AI,AIA,NULL,NULL,NULL,NULL,NULL,NULL,NULL,NULL,NULL,NULL,NULL,NULL,NULL,NULL,NULL,NULL,NULL,NULL,NULL,NULL,NULL,NULL,NULL
Antarctica,Antarctic,Polar,Antarctic,32,AQ,ATA,NULL,NULL,NULL,NULL,NULL,NULL,NULL,NULL,NULL,NULL,NULL,NULL,NULL,NULL,NULL,NULL,NULL,NULL,NULL,NULL,NULL,NULL,NULL
Antigua and Barbuda,Antigua and Barbuda,Latin America + Caribbean,Caribbean,36,AG,ATG,NULL,NULL,NULL,NULL,NULL,NULL,NULL,NULL,NULL,NULL,NULL,NULL,NULL,NULL,NULL,NULL,NULL,NULL,NULL,NULL,NULL,NULL,NULL
Argentina,Argentina,Latin America + Caribbean,South America,40,AR,ARG,NULL,NULL,NULL,NULL,NULL,NULL,NULL,NULL,NULL,NULL,NULL,NULL,NULL,NULL,NULL,NULL,NULL,NULL,NULL,NULL,NULL,NULL,NULL
Armenia,Armenia,Europe,Eastern Europe,44,AM,ARM,NULL,NULL,NULL,NULL,NULL,NULL,NULL,NULL,NULL,NULL,NULL,NULL,NULL,NULL,NULL,NULL,NULL,NULL,NULL,NULL,NULL,NULL,NULL
Aruba,Netherlands,Latin America + Caribbean,Caribbean,48,AW,ABW,NULL,NULL,NULL,NULL,NULL,NULL,NULL,NULL,NULL,NULL,NULL,NULL,NULL,NULL,NULL,NULL,NULL,NULL,NULL,NULL,NULL,NULL,NULL
Australia,Australia,Asia + Pacific,Australia + New Zealand,52,AU,AUS,20714.1,23543.6,19823.8,17934,21036.7,22053,24116.8,24114.5,24050.1,23991,26582.3,31270.8,31062.9,34985.1,23377,21489.8,24531.1,27735.7,25385.7,23107.9,19810.1,21338.2,27992.9
Austria,Austria,Europe,Western Europe,56,AT,AUT,1435.6,1499.7,1470.72,1438.82,1385.5,1272.49,1247.21,1150.11,1109.13,1030.66,957.37,918.92,883.15,876.52,838.05,812.58,771.94,720.08,683.06,635.92,640.4,603.63,607.21
Azerbaijan,Azerbaijan,Europe,Eastern Europe,60,AZ,AZE,NULL,NULL,NULL,NULL,NULL,NULL,NULL,NULL,NULL,NULL,NULL,NULL,NULL,NULL,NULL,NULL,NULL,NULL,NULL,NULL,NULL,NULL,NULL
Bahamas,Bahamas,Latin America + Caribbean,Caribbean,64,BS,BHS,NULL,NULL,NULL,NULL,NULL,NULL,NULL,NULL,NULL,NULL,NULL,NULL,NULL,NULL,NULL,NULL,NULL,NULL,NULL,NULL,NULL,NULL,NULL
Bahrain,Bahrain,West Asia,Arabian Peninsula,68,BH,BHR,NULL,NULL,NULL,NULL,NULL,NULL,NULL,NULL,NULL,NULL,NULL,NULL,NULL,NULL,NULL,NULL,NULL,NULL,NULL,NULL,NULL,NULL,NULL
Bangladesh,Bangladesh,Asia + Pacific,South Asia,76,BD,BGD,NULL,NULL,NULL,NULL,NULL,NULL,NULL,NULL,NULL,NULL,NULL,NULL,NULL,NULL,NULL,NULL,NULL,NULL,NULL,NULL,NULL,NULL,NULL
Barbados,Barbados,Latin America + Caribbean,Caribbean,80,BB,BRB,NULL,NULL,NULL,NULL,NULL,NULL,NULL,NULL,NULL,NULL,NULL,NULL,NULL,NULL,NULL,NULL,NULL,NULL,NULL,NULL,NULL,NULL,NULL
Belarus,Belarus,Europe,Eastern Europe,84,BY,BLR,1527.22,1461.47,1258.55,891.43,625.73,591.08,599.03,563.15,542.33,482.43,426.56,417.94,508.97,479.85,494.29,530.18,613.65,596.75,623.79,581.35,599.66,654.08,681.34
Belgium,Belgium,Europe,Western Europe,88,BE,BEL,1319.15,1251.31,1202.08,1129.27,1034.48,1012.57,989.94,919.68,884.13,809.01,897.28,851.44,841.86,819.04,793.99,754.66,660.37,661.58,666.49,438.89,530.56,422.46,390.41
Belize,Belize,Latin America + Caribbean,Meso America,92,BZ,BLZ,NULL,NULL,NULL,NULL,NULL,NULL,NULL,NULL,NULL,NULL,NULL,NULL,NULL,NULL,NULL,NULL,NULL,NULL,NULL,NULL,NULL,NULL,NULL
Benin,Benin,Africa,Western Africa,96,BJ,BEN,NULL,NULL,NULL,NULL,NULL,NULL,NULL,NULL,NULL,NULL,NULL,NULL,NULL,NULL,NULL,NULL,NULL,NULL,NULL,NULL,NULL,NULL,NULL
Bermuda,United Kingdom of Great Britain and Northern Ireland,Latin America + Caribbean,Caribbean,100,BM,BMU,NULL,NULL,NULL,NULL,NULL,NULL,NULL,NULL,NULL,NULL,NULL,NULL,NULL,NULL,NULL,NULL,NULL,NULL,NULL,NULL,NULL,NULL,NULL
Bhutan,Bhutan,Asia + Pacific,South Asia,104,BT,BTN,NULL,NULL,NULL,NULL,NULL,NULL,NULL,NULL,NULL,NULL,NULL,NULL,NULL,NULL,NULL,NULL,NULL,NULL,NULL,NULL,NULL,NULL,NULL
Bolivia (Plurinational State of),Bolivia,Latin America + Caribbean,South America,108,BO,BOL,NULL,NULL,NULL,NULL,NULL,NULL,NULL,NULL,NULL,NULL,NULL,NULL,NULL,NULL,NULL,NULL,NULL,NULL,NULL,NULL,NULL,NULL,NULL
Bosnia and Herzegovina,Bosnia and Herzegovina,Europe,Central Europe,112,BA,BIH,NULL,NULL,NULL,NULL,NULL,NULL,NULL,NULL,NULL,NULL,NULL,NULL,NULL,NULL,NULL,NULL,NULL,NULL,NULL,NULL,NULL,NULL,NULL
Botswana,Botswana,Africa,Southern Africa,116,BW,BWA,NULL,NULL,NULL,NULL,NULL,NULL,NULL,NULL,NULL,NULL,NULL,NULL,NULL,NULL,NULL,NULL,NULL,NULL,NULL,NULL,NULL,NULL,NULL
Brazil,Brazil,Latin America + Caribbean,South America,124,BR,BRA,NULL,NULL,NULL,NULL,NULL,NULL,NULL,NULL,NULL,NULL,NULL,NULL,NULL,NULL,NULL,NULL,NULL,NULL,NULL,NULL,NULL,NULL,NULL
British Virgin Islands,United Kingdom of Great Britain and Northern Ireland,Latin America + Caribbean,Caribbean,132,VG,VGB,NULL,NULL,NULL,NULL,NULL,NULL,NULL,NULL,NULL,NULL,NULL,NULL,NULL,NULL,NULL,NULL,NULL,NULL,NULL,NULL,NULL,NULL,NULL
Brunei Darussalam,Brunei Darussalam,Asia + Pacific,South East Asia,136,BN,BRN,NULL,NULL,NULL,NULL,NULL,NULL,NULL,NULL,NULL,NULL,NULL,NULL,NULL,NULL,NULL,NULL,NULL,NULL,NULL,NULL,NULL,NULL,NULL
Bulgaria,Bulgaria,Europe,Central Europe,140,BG,BGR,665.24,393.82,378.3,394.53,356.36,367.38,329.13,255.63,301.85,271.42,271.49,247.3,280.11,284.88,273.79,265.23,272.05,245.73,257.49,244.15,266.2,277.64,282
Burkina Faso,Burkina Faso,Africa,Western Africa,144,BF,BFA,NULL,NULL,NULL,NULL,NULL,NULL,NULL,NULL,NULL,NULL,NULL,NULL,NULL,NULL,NULL,NULL,NULL,NULL,NULL,NULL,NULL,NULL,NULL
Burundi,Burundi,Africa,Eastern Africa,148,BI,BDI,NULL,NULL,NULL,NULL,NULL,NULL,NULL,NULL,NULL,NULL,NULL,NULL,NULL,NULL,NULL,NULL,NULL,NULL,NULL,NULL,NULL,NULL,NULL
Cabo Verde,Cabo Verde,Africa,Western Africa,164,CV,CPV,NULL,NULL,NULL,NULL,NULL,NULL,NULL,NULL,NULL,NULL,NULL,NULL,NULL,NULL,NULL,NULL,NULL,NULL,NULL,NULL,NULL,NULL,NULL
Cambodia,Cambodia,Asia + Pacific,South East Asia,152,KH,KHM,NULL,NULL,NULL,NULL,NULL,NULL,NULL,NULL,NULL,NULL,NULL,NULL,NULL,NULL,NULL,NULL,NULL,NULL,NULL,NULL,NULL,NULL,NULL
Cameroon,Cameroon,Africa,Central Africa,156,CM,CMR,NULL,NULL,NULL,NULL,NULL,NULL,NULL,NULL,NULL,NULL,NULL,NULL,NULL,NULL,NULL,NULL,NULL,NULL,NULL,NULL,NULL,NULL,NULL
Canada,Canada,North America,North America,160,CA,CAN,NULL,NULL,NULL,NULL,NULL,NULL,NULL,NULL,NULL,NULL,NULL,NULL,NULL,NULL,NULL,NULL,NULL,NULL,NULL,NULL,NULL,NULL,NULL
Cayman Islands,United Kingdom of Great Britain and Northern Ireland,Latin America + Caribbean,Caribbean,168,KY,CYM,NULL,NULL,NULL,NULL,NULL,NULL,NULL,NULL,NULL,NULL,NULL,NULL,NULL,NULL,NULL,NULL,NULL,NULL,NULL,NULL,NULL,NULL,NULL
Central African Republic,Central African Republic,Africa,Central Africa,172,CF,CAF,NULL,NULL,NULL,NULL,NULL,NULL,NULL,NULL,NULL,NULL,NULL,NULL,NULL,NULL,NULL,NULL,NULL,NULL,NULL,NULL,NULL,NULL,NULL
Chad,Chad,Africa,Central Africa,176,TD,TCD,NULL,NULL,NULL,NULL,NULL,NULL,NULL,NULL,NULL,NULL,NULL,NULL,NULL,NULL,NULL,NULL,NULL,NULL,NULL,NULL,NULL,NULL,NULL
Chile,Chile,Latin America + Caribbean,South America,180,CL,CHL,NULL,NULL,NULL,NULL,NULL,NULL,NULL,NULL,NULL,NULL,NULL,NULL,NULL,NULL,NULL,NULL,NULL,NULL,NULL,NULL,NULL,NULL,NULL
China,China,Asia + Pacific,North East Asia,184,CN,CHN,NULL,NULL,NULL,NULL,NULL,NULL,NULL,NULL,NULL,NULL,NULL,NULL,NULL,NULL,NULL,NULL,NULL,NULL,NULL,NULL,NULL,NULL,NULL
China Hong Kong Special Administrative Region,China,Asia + Pacific,North East Asia,187,HK,HKG,NULL,NULL,NULL,NULL,NULL,NULL,NULL,NULL,NULL,NULL,NULL,NULL,NULL,NULL,NULL,NULL,NULL,NULL,NULL,NULL,NULL,NULL,NULL
China Macao Special Administrative Region,China,Asia + Pacific,North East Asia,186,MO,MAC,NULL,NULL,NULL,NULL,NULL,NULL,NULL,NULL,NULL,NULL,NULL,NULL,NULL,NULL,NULL,NULL,NULL,NULL,NULL,NULL,NULL,NULL,NULL
Christmas Island,Australia,Asia + Pacific,South East Asia,188,CX,CXR,NULL,NULL,NULL,NULL,NULL,NULL,NULL,NULL,NULL,NULL,NULL,NULL,NULL,NULL,NULL,NULL,NULL,NULL,NULL,NULL,NULL,NULL,NULL
Cocos (Keeling) Islands,Australia,Asia + Pacific,South Pacific,192,CC,CCK,NULL,NULL,NULL,NULL,NULL,NULL,NULL,NULL,NULL,NULL,NULL,NULL,NULL,NULL,NULL,NULL,NULL,NULL,NULL,NULL,NULL,NULL,NULL
Colombia,Colombia,Latin America + Caribbean,South America,196,CO,COL,NULL,NULL,NULL,NULL,NULL,NULL,NULL,NULL,NULL,NULL,NULL,NULL,NULL,NULL,NULL,NULL,NULL,NULL,NULL,NULL,NULL,NULL,NULL
Comoros,Comoros,Africa,Western Indian Ocean,200,KM,COM,NULL,NULL,NULL,NULL,NULL,NULL,NULL,NULL,NULL,NULL,NULL,NULL,NULL,NULL,NULL,NULL,NULL,NULL,NULL,NULL,NULL,NULL,NULL
Congo,Congo,Africa,Central Africa,204,CG,COG,NULL,NULL,NULL,NULL,NULL,NULL,NULL,NULL,NULL,NULL,NULL,NULL,NULL,NULL,NULL,NULL,NULL,NULL,NULL,NULL,NULL,NULL,NULL
Cook Islands,New Zealand,Asia + Pacific,South Pacific,208,CK,COK,NULL,NULL,NULL,NULL,NULL,NULL,NULL,NULL,NULL,NULL,NULL,NULL,NULL,NULL,NULL,NULL,NULL,NULL,NULL,NULL,NULL,NULL,NULL
Costa Rica,Costa Rica,Latin America + Caribbean,Meso America,212,CR,CRI,NULL,NULL,NULL,NULL,NULL,NULL,NULL,NULL,NULL,NULL,NULL,NULL,NULL,NULL,NULL,NULL,NULL,NULL,NULL,NULL,NULL,NULL,NULL
Côte d'Ivoire,Côte d'Ivoire,Africa,Western Africa,216,CI,CIV,NULL,NULL,NULL,NULL,NULL,NULL,NULL,NULL,NULL,NULL,NULL,NULL,NULL,NULL,NULL,NULL,NULL,NULL,NULL,NULL,NULL,NULL,NULL
Croatia,Croatia,Europe,Central Europe,220,HR,HRV,586.02,432.35,350.7,373.07,382.17,394.78,433.15,431.91,473.27,444.45,476.26,384.71,369.17,410.03,372.33,353.04,353.44,332.47,289.68,286.67,276.53,287.38,293.26
Cuba,Cuba,Latin America + Caribbean,Caribbean,224,CU,CUB,NULL,NULL,NULL,NULL,NULL,NULL,NULL,NULL,NULL,NULL,NULL,NULL,NULL,NULL,NULL,NULL,NULL,NULL,NULL,NULL,NULL,NULL,NULL
Cyprus,Cyprus,Europe,Central Europe,228,CY,CYP,52.9,49.03,49.86,48.97,48.1,45.47,43.82,41.28,39.4,36.41,34.38,33.14,32.35,31.22,28.57,26.2,24.46,24.55,22.1,19.65,15.29,0.41,0.63
Czech Republic,Czech Republic,Europe,Central Europe,232,CZ,CZE,1070.29,1156.46,1161.72,1193.2,1074.41,932.2,964.88,980.75,812.22,726.43,680.03,687.1,587.53,630.4,622.56,556.14,539.89,581.52,496.2,452.23,453.61,404.64,366.31
Democratic People's Republic of Korea,Democratic People's Republic of Korea,Asia + Pacific,North East Asia,236,KP,PRK,NULL,NULL,NULL,NULL,NULL,NULL,NULL,NULL,NULL,NULL,NULL,NULL,NULL,NULL,NULL,NULL,NULL,NULL,NULL,NULL,NULL,NULL,NULL
Democratic Republic of the Congo,Democratic Republic of the Congo,Africa,Central Africa,240,CD,COD,NULL,NULL,NULL,NULL,NULL,NULL,NULL,NULL,NULL,NULL,NULL,NULL,NULL,NULL,NULL,NULL,NULL,NULL,NULL,NULL,NULL,NULL,NULL
Denmark,Denmark,Europe,Western Europe,244,DK,DNK,734.29,759.66,741.3,725.61,685.96,654.85,636.49,592.37,556.57,511.66,494.82,487.52,465.59,472.33,457.57,464.46,456.31,467.54,445.98,419.6,412.38,375.9,364.25
Djibouti,Djibouti,Africa,Eastern Africa,248,DJ,DJI,NULL,NULL,NULL,NULL,NULL,NULL,NULL,NULL,NULL,NULL,NULL,NULL,NULL,NULL,NULL,NULL,NULL,NULL,NULL,NULL,NULL,NULL,NULL
Dominica,Dominica,Latin America + Caribbean,Caribbean,252,DM,DMA,NULL,NULL,NULL,NULL,NULL,NULL,NULL,NULL,NULL,NULL,NULL,NULL,NULL,NULL,NULL,NULL,NULL,NULL,NULL,NULL,NULL,NULL,NULL
Dominican Republic,Dominican Republic,Latin America + Caribbean,Caribbean,256,DO,DOM,NULL,NULL,NULL,NULL,NULL,NULL,NULL,NULL,NULL,NULL,NULL,NULL,NULL,NULL,NULL,NULL,NULL,NULL,NULL,NULL,NULL,NULL,NULL
Ecuador,Ecuador,Latin America + Caribbean,South America,260,EC,ECU,NULL,NULL,NULL,NULL,NULL,NULL,NULL,NULL,NULL,NULL,NULL,NULL,NULL,NULL,NULL,NULL,NULL,NULL,NULL,NULL,NULL,NULL,NULL
Egypt,Egypt,Africa,Northern Africa,264,EG,EGY,NULL,NULL,NULL,NULL,NULL,NULL,NULL,NULL,NULL,NULL,NULL,NULL,NULL,NULL,NULL,NULL,NULL,NULL,NULL,NULL,NULL,NULL,NULL
El Salvador,El Salvador,Latin America + Caribbean,Meso America,268,SV,SLV,NULL,NULL,NULL,NULL,NULL,NULL,NULL,NULL,NULL,NULL,NULL,NULL,NULL,NULL,NULL,NULL,NULL,NULL,NULL,NULL,NULL,NULL,NULL
Equatorial Guinea,Equatorial Guinea,Africa,Central Africa,272,GQ,GNQ,NULL,NULL,NULL,NULL,NULL,NULL,NULL,NULL,NULL,NULL,NULL,NULL,NULL,NULL,NULL,NULL,NULL,NULL,NULL,NULL,NULL,NULL,NULL
Eritrea,Eritrea,Africa,Eastern Africa,276,ER,ERI,NULL,NULL,NULL,NULL,NULL,NULL,NULL,NULL,NULL,NULL,NULL,NULL,NULL,NULL,NULL,NULL,NULL,NULL,NULL,NULL,NULL,NULL,NULL
Estonia,Estonia,Europe,Central Europe,280,EE,EST,189.98,186.48,101.49,106.25,133.67,165.38,185.34,202.66,160.71,171.88,166.36,173.18,161.69,157.05,151.66,139.37,133.79,149.07,145.5,146.17,152,136.75,140.48
Ethiopia,Ethiopia,Africa,Eastern Africa,284,ET,ETH,NULL,NULL,NULL,NULL,NULL,NULL,NULL,NULL,NULL,NULL,NULL,NULL,NULL,NULL,NULL,NULL,NULL,NULL,NULL,NULL,NULL,NULL,NULL
Falkland Islands (Malvinas),United Kingdom of Great Britain and Northern Ireland,Latin America + Caribbean,South America,288,FK,FLK,NULL,NULL,NULL,NULL,NULL,NULL,NULL,NULL,NULL,NULL,NULL,NULL,NULL,NULL,NULL,NULL,NULL,NULL,NULL,NULL,NULL,NULL,NULL
Faroe Islands,Denmark,Europe,Western Europe,292,FO,FRO,NULL,NULL,NULL,NULL,NULL,NULL,NULL,NULL,NULL,NULL,NULL,NULL,NULL,NULL,NULL,NULL,NULL,NULL,NULL,NULL,NULL,NULL,NULL
Fiji,Fiji,Asia + Pacific,South Pacific,296,FJ,FJI,NULL,NULL,NULL,NULL,NULL,NULL,NULL,NULL,NULL,NULL,NULL,NULL,NULL,NULL,NULL,NULL,NULL,NULL,NULL,NULL,NULL,NULL,NULL
Finland,Finland,Europe,Western Europe,300,FI,FIN,709.5,679.21,667.83,654.08,642.16,633.62,623.06,620.98,615.61,607.27,587.74,586.24,578.75,567.2,550.88,521.61,508,497.41,473.18,462.47,478.87,451.06,439.39
France,France,Europe,Western Europe,304,FR,FRA,11199.5,11395.5,10893.8,10416.3,9672.53,9572.23,9039.78,8454.43,8102.11,7587.61,6941.37,6527.2,6357.28,6078.41,6099.99,5619.38,5070.45,4802.51,4610.96,4156.18,4569.97,3864.4,3544.71
French Guiana,France,Latin America + Caribbean,South America,308,GF,GUF,NULL,NULL,NULL,NULL,NULL,NULL,NULL,NULL,NULL,NULL,NULL,NULL,NULL,NULL,NULL,NULL,NULL,NULL,NULL,NULL,NULL,NULL,NULL
Gabon,Gabon,Africa,Central Africa,320,GA,GAB,NULL,NULL,NULL,NULL,NULL,NULL,NULL,NULL,NULL,NULL,NULL,NULL,NULL,NULL,NULL,NULL,NULL,NULL,NULL,NULL,NULL,NULL,NULL
Gambia,Gambia,Africa,Western Africa,324,GM,GMB,NULL,NULL,NULL,NULL,NULL,NULL,NULL,NULL,NULL,NULL,NULL,NULL,NULL,NULL,NULL,NULL,NULL,NULL,NULL,NULL,NULL,NULL,NULL
Georgia,Georgia,Europe,Eastern Europe,328,GE,GEO,NULL,NULL,NULL,NULL,NULL,NULL,NULL,NULL,NULL,NULL,NULL,NULL,NULL,NULL,NULL,NULL,NULL,NULL,NULL,NULL,NULL,NULL,NULL
Germany,Germany,Europe,Western Europe,332,DE,DEU,12428,10166.3,8774.71,7973.72,7039.42,6595.11,6125.58,5967.9,5503.51,5130.41,4837.75,4632.83,4339.56,4137.53,3883.69,3659.35,3578.99,3475.47,3386.63,3006.11,3446.69,3287.66,3289.81
Ghana,Ghana,Africa,Western Africa,336,GH,GHA,NULL,NULL,NULL,NULL,NULL,NULL,NULL,NULL,NULL,NULL,NULL,NULL,NULL,NULL,NULL,NULL,NULL,NULL,NULL,NULL,NULL,NULL,NULL
Gibraltar,United Kingdom of Great Britain and Northern Ireland,Europe,Western Europe,340,GI,GIB,NULL,NULL,NULL,NULL,NULL,NULL,NULL,NULL,NULL,NULL,NULL,NULL,NULL,NULL,NULL,NULL,NULL,NULL,NULL,NULL,NULL,NULL,NULL
Greece,Greece,Europe,Western Europe,348,GR,GRC,1142.92,1124.19,1094.1,1085.38,1062.82,961.43,954.02,957.14,975.05,955.79,961.23,918.02,856.3,811.87,810.65,721.59,740.08,750.76,630,599.79,527.67,497,460.74
Greenland,Denmark,Polar,Arctic,352,GL,GRL,NULL,NULL,NULL,NULL,NULL,NULL,NULL,NULL,NULL,NULL,NULL,NULL,NULL,NULL,NULL,NULL,NULL,NULL,NULL,NULL,NULL,NULL,NULL
Grenada,Grenada,Latin America + Caribbean,Caribbean,356,GD,GRD,NULL,NULL,NULL,NULL,NULL,NULL,NULL,NULL,NULL,NULL,NULL,NULL,NULL,NULL,NULL,NULL,NULL,NULL,NULL,NULL,NULL,NULL,NULL
Guadeloupe,France,Latin America + Caribbean,Caribbean,360,GP,GLP,NULL,NULL,NULL,NULL,NULL,NULL,NULL,NULL,NULL,NULL,NULL,NULL,NULL,NULL,NULL,NULL,NULL,NULL,NULL,NULL,NULL,NULL,NULL
Guam,United States of America,Asia + Pacific,South Pacific,364,GU,GUM,NULL,NULL,NULL,NULL,NULL,NULL,NULL,NULL,NULL,NULL,NULL,NULL,NULL,NULL,NULL,NULL,NULL,NULL,NULL,NULL,NULL,NULL,NULL
Guatemala,Guatemala,Latin America + Caribbean,Meso America,368,GT,GTM,NULL,NULL,NULL,NULL,NULL,NULL,NULL,NULL,NULL,NULL,NULL,NULL,NULL,NULL,NULL,NULL,NULL,NULL,NULL,NULL,NULL,NULL,NULL
Guernsey,United Kingdom of Great Britain and Northern Ireland,Europe,Western Europe,372,GG,GGY,NULL,NULL,NULL,NULL,NULL,NULL,NULL,NULL,NULL,NULL,NULL,NULL,NULL,NULL,NULL,NULL,NULL,NULL,NULL,NULL,NULL,NULL,NULL
Guinea,Guinea,Africa,Western Africa,376,GN,GIN,NULL,NULL,NULL,NULL,NULL,NULL,NULL,NULL,NULL,NULL,NULL,NULL,NULL,NULL,NULL,NULL,NULL,NULL,NULL,NULL,NULL,NULL,NULL
Guinea-Bissau,Guinea-Bissau,Africa,Western Africa,380,GW,GNB,NULL,NULL,NULL,NULL,NULL,NULL,NULL,NULL,NULL,NULL,NULL,NULL,NULL,NULL,NULL,NULL,NULL,NULL,NULL,NULL,NULL,NULL,NULL
Guyana,Guyana,Latin America + Caribbean,South America,384,GY,GUY,NULL,NULL,NULL,NULL,NULL,NULL,NULL,NULL,NULL,NULL,NULL,NULL,NULL,NULL,NULL,NULL,NULL,NULL,NULL,NULL,NULL,NULL,NULL
Haiti,Haiti,Latin America + Caribbean,Caribbean,388,HT,HTI,NULL,NULL,NULL,NULL,NULL,NULL,NULL,NULL,NULL,NULL,NULL,NULL,NULL,NULL,NULL,NULL,NULL,NULL,NULL,NULL,NULL,NULL,NULL
Holy See,Holy See,Europe,Western Europe,396,VA,VAT,NULL,NULL,NULL,NULL,NULL,NULL,NULL,NULL,NULL,NULL,NULL,NULL,NULL,NULL,NULL,NULL,NULL,NULL,NULL,NULL,NULL,NULL,NULL
Honduras,Honduras,Latin America + Caribbean,Meso America,400,HN,HND,NULL,NULL,NULL,NULL,NULL,NULL,NULL,NULL,NULL,NULL,NULL,NULL,NULL,NULL,NULL,NULL,NULL,NULL,NULL,NULL,NULL,NULL,NULL
Hungary,Hungary,Europe,Central Europe,408,HU,HUN,1237.38,1115.12,908.52,896.76,807.76,799.12,795.93,777.04,730.07,718.81,691.5,700.29,677.72,707.46,626.82,482.71,502.78,465.94,418.35,431.1,426.84,417.76,387.85
Iceland,Iceland,Europe,Western Europe,412,IS,ISL,44.92,44.89,46.06,45.78,46.23,38.44,38.87,30.39,30.9,21.25,21.09,21.01,21.28,21.87,22.75,18.11,20.33,20.87,20,19.65,18.52,17.88,17.55
India,India,Asia + Pacific,South Asia,416,IN,IND,NULL,NULL,NULL,NULL,NULL,NULL,NULL,NULL,NULL,NULL,NULL,NULL,NULL,NULL,NULL,NULL,NULL,NULL,NULL,NULL,NULL,NULL,NULL
Indonesia,Indonesia,Asia + Pacific,South East Asia,420,ID,IDN,NULL,NULL,NULL,NULL,NULL,NULL,NULL,NULL,NULL,NULL,NULL,NULL,NULL,NULL,NULL,NULL,NULL,NULL,NULL,NULL,NULL,NULL,NULL
Iran (Islamic Republic of),Iran (Islamic Republic of),Asia + Pacific,South Asia,424,IR,IRN,NULL,NULL,NULL,NULL,NULL,NULL,NULL,NULL,NULL,NULL,NULL,NULL,NULL,NULL,NULL,NULL,NULL,NULL,NULL,NULL,NULL,NULL,NULL
Iraq,Iraq,West Asia,Mashriq,428,IQ,IRQ,NULL,NULL,NULL,NULL,NULL,NULL,NULL,NULL,NULL,NULL,NULL,NULL,NULL,NULL,NULL,NULL,NULL,NULL,NULL,NULL,NULL,NULL,NULL
Ireland,Ireland,Europe,Western Europe,432,IE,IRL,400.51,402.29,390.47,358.4,335.52,312.89,301.84,290.43,302.06,270.52,246.41,235.79,218.21,206.59,197.83,186.17,177.48,167.52,154.95,148.18,136.15,124.58,116.86
Isle of Man,United Kingdom of Great Britain and Northern Ireland,Europe,Western Europe,436,,IMY,NULL,NULL,NULL,NULL,NULL,NULL,NULL,NULL,NULL,NULL,NULL,NULL,NULL,NULL,NULL,NULL,NULL,NULL,NULL,NULL,NULL,NULL,NULL
Israel,Israel,Europe,Western Europe,440,IL,ISR,NULL,NULL,NULL,NULL,NULL,NULL,NULL,NULL,NULL,NULL,NULL,NULL,NULL,NULL,NULL,NULL,NULL,NULL,NULL,NULL,NULL,NULL,NULL
Italy,Italy,Europe,Western Europe,444,IT,ITA,8870.25,8153.08,8326.03,9451.63,8161.85,7407.58,7120.02,7321.38,7160.39,6002.59,5730.27,5103.72,4396.4,4624.22,4077.19,3585.36,3236.17,4730.5,3092.98,2920.62,2724.34,2885.31,3447.05
Jamaica,Jamaica,Latin America + Caribbean,Caribbean,448,JM,JAM,NULL,NULL,NULL,NULL,NULL,NULL,NULL,NULL,NULL,NULL,NULL,NULL,NULL,NULL,NULL,NULL,NULL,NULL,NULL,NULL,NULL,NULL,NULL
Japan,Japan,Asia + Pacific,North East Asia,452,JP,JPN,4485.67,4454.16,4292.22,4207.02,4205.02,4156.34,4094.01,4062.68,3901.07,3869.05,3882.38,3652.35,3464.24,3347.67,3213.3,2828.43,2795.11,2700.17,2487.16,2498.81,2594.75,2482.88,2501.9
Jersey,United Kingdom of Great Britain and Northern Ireland,Europe,Western Europe,460,JE,JEY,NULL,NULL,NULL,NULL,NULL,NULL,NULL,NULL,NULL,NULL,NULL,NULL,NULL,NULL,NULL,NULL,NULL,NULL,NULL,NULL,NULL,NULL,NULL
Johnston Atoll,United States of America,Asia + Pacific,South Pacific,464,,JTN,NULL,NULL,NULL,NULL,NULL,NULL,NULL,NULL,NULL,NULL,NULL,NULL,NULL,NULL,NULL,NULL,NULL,NULL,NULL,NULL,NULL,NULL,NULL
Jordan,Jordan,West Asia,Mashriq,468,JO,JOR,NULL,NULL,NULL,NULL,NULL,NULL,NULL,NULL,NULL,NULL,NULL,NULL,NULL,NULL,NULL,NULL,NULL,NULL,NULL,NULL,NULL,NULL,NULL
Kazakhstan,Kazakhstan,Europe,Central Asia,476,KZ,KAZ,NULL,NULL,NULL,NULL,NULL,NULL,NULL,NULL,NULL,NULL,NULL,NULL,NULL,NULL,NULL,NULL,NULL,NULL,NULL,NULL,NULL,NULL,NULL
Kenya,Kenya,Africa,Eastern Africa,480,KE,KEN,NULL,NULL,NULL,NULL,NULL,NULL,NULL,NULL,NULL,NULL,NULL,NULL,NULL,NULL,NULL,NULL,NULL,NULL,NULL,NULL,NULL,NULL,NULL
Kiribati,Kiribati,Asia + Pacific,South Pacific,484,KI,KIR,NULL,NULL,NULL,NULL,NULL,NULL,NULL,NULL,NULL,NULL,NULL,NULL,NULL,NULL,NULL,NULL,NULL,NULL,NULL,NULL,NULL,NULL,NULL
Kuwait,Kuwait,West Asia,Arabian Peninsula,488,KW,KWT,NULL,NULL,NULL,NULL,NULL,NULL,NULL,NULL,NULL,NULL,NULL,NULL,NULL,NULL,NULL,NULL,NULL,NULL,NULL,NULL,NULL,NULL,NULL
Kyrgyzstan,Kyrgyzstan,Europe,Central Asia,492,KG,KGZ,NULL,NULL,NULL,NULL,NULL,NULL,NULL,NULL,NULL,NULL,NULL,NULL,NULL,NULL,NULL,NULL,NULL,NULL,NULL,NULL,NULL,NULL,NULL
Lao People's Democratic Republic,Lao People's Democratic Republic,Asia + Pacific,South East Asia,496,LA,LAO,NULL,NULL,NULL,NULL,NULL,NULL,NULL,NULL,NULL,NULL,NULL,NULL,NULL,NULL,NULL,NULL,NULL,NULL,NULL,NULL,NULL,NULL,NULL
Latvia,Latvia,Europe,Central Europe,500,LV,LVA,382.4,349.15,397.4,333.88,314.34,290.74,297.67,265.95,246.72,244.78,235.04,236.17,244.05,226.74,219.27,208.06,233.15,191.44,179.51,196.98,184.85,156.51,161.22
Lebanon,Lebanon,West Asia,Mashriq,504,LB,LBN,NULL,NULL,NULL,NULL,NULL,NULL,NULL,NULL,NULL,NULL,NULL,NULL,NULL,NULL,NULL,NULL,NULL,NULL,NULL,NULL,NULL,NULL,NULL
Lesotho,Lesotho,Africa,Southern Africa,508,LS,LSO,NULL,NULL,NULL,NULL,NULL,NULL,NULL,NULL,NULL,NULL,NULL,NULL,NULL,NULL,NULL,NULL,NULL,NULL,NULL,NULL,NULL,NULL,NULL
Liberia,Liberia,Africa,Western Africa,512,LR,LBR,NULL,NULL,NULL,NULL,NULL,NULL,NULL,NULL,NULL,NULL,NULL,NULL,NULL,NULL,NULL,NULL,NULL,NULL,NULL,NULL,NULL,NULL,NULL
Libya,Libyan Arab Jamahiriya,Africa,Northern Africa,516,LY,LBY,NULL,NULL,NULL,NULL,NULL,NULL,NULL,NULL,NULL,NULL,NULL,NULL,NULL,NULL,NULL,NULL,NULL,NULL,NULL,NULL,NULL,NULL,NULL
Liechtenstein,Liechtenstein,Europe,Western Europe,520,LI,LIE,0.02,0.02,0.02,0.02,0.02,0.02,0.02,0.02,0.02,0.02,0.02,0.02,0.02,0.02,0.02,0.02,0.01,0.01,0.01,0.01,0.01,0.01,0.01
Lithuania,Lithuania,Europe,Central Europe,524,LT,LTU,471.24,549.14,336.22,299.7,250.5,296.27,310.91,325.89,312.34,286.78,221.4,224.38,224.53,228.92,211.55,219.5,220.46,205.97,205.01,199.69,205.58,186.69,192.76
Luxembourg,Luxembourg,Europe,Western Europe,528,LU,LUX,17.4,16.46,14.96,16.05,13.94,9.92,7.44,4.51,2.71,6.64,6.52,6.91,6.97,6.78,4.42,4.42,NULL,NULL,NULL,NULL,NULL,NULL,NULL
Madagascar,Madagascar,Africa,Western Indian Ocean,536,MG,MDG,NULL,NULL,NULL,NULL,NULL,NULL,NULL,NULL,NULL,NULL,NULL,NULL,NULL,NULL,NULL,NULL,NULL,NULL,NULL,NULL,NULL,NULL,NULL
Malawi,Malawi,Africa,Southern Africa,540,MW,MWI,NULL,NULL,NULL,NULL,NULL,NULL,NULL,NULL,NULL,NULL,NULL,NULL,NULL,NULL,NULL,NULL,NULL,NULL,NULL,NULL,NULL,NULL,NULL
Malaysia,Malaysia,Asia + Pacific,South East Asia,544,MY,MYS,NULL,NULL,NULL,NULL,NULL,NULL,NULL,NULL,NULL,NULL,NULL,NULL,NULL,NULL,NULL,NULL,NULL,NULL,NULL,NULL,NULL,NULL,NULL
Maldives,Maldives,Asia + Pacific,South Asia,548,MV,MDV,NULL,NULL,NULL,NULL,NULL,NULL,NULL,NULL,NULL,NULL,NULL,NULL,NULL,NULL,NULL,NULL,NULL,NULL,NULL,NULL,NULL,NULL,NULL
Mali,Mali,Africa,Western Africa,552,ML,MLI,NULL,NULL,NULL,NULL,NULL,NULL,NULL,NULL,NULL,NULL,NULL,NULL,NULL,NULL,NULL,NULL,NULL,NULL,NULL,NULL,NULL,NULL,NULL
Malta,Malta,Europe,Western Europe,556,MT,MLT,23.63,25.28,26.95,28.23,29.24,29.93,30.62,30.98,30.7,30.74,29.77,29.01,28.53,28.41,27.88,28.83,28.67,29.92,30.06,31.22,5.57,7.56,6.46
Marshall Islands,Marshall Islands,Asia + Pacific,South Pacific,560,MH,MHL,NULL,NULL,NULL,NULL,NULL,NULL,NULL,NULL,NULL,NULL,NULL,NULL,NULL,NULL,NULL,NULL,NULL,NULL,NULL,NULL,NULL,NULL,NULL
Martinique,France,Latin America + Caribbean,Caribbean,564,MQ,MTQ,NULL,NULL,NULL,NULL,NULL,NULL,NULL,NULL,NULL,NULL,NULL,NULL,NULL,NULL,NULL,NULL,NULL,NULL,NULL,NULL,NULL,NULL,NULL
Mauritania,Mauritania,Africa,Western Africa,568,MR,MRT,NULL,NULL,NULL,NULL,NULL,NULL,NULL,NULL,NULL,NULL,NULL,NULL,NULL,NULL,NULL,NULL,NULL,NULL,NULL,NULL,NULL,NULL,NULL
Mauritius,Mauritius,Africa,Western Indian Ocean,572,MU,MUS,NULL,NULL,NULL,NULL,NULL,NULL,NULL,NULL,NULL,NULL,NULL,NULL,NULL,NULL,NULL,NULL,NULL,NULL,NULL,NULL,NULL,NULL,NULL
Mayotte,France,Africa,Western Indian Ocean,576,YT,MYT,NULL,NULL,NULL,NULL,NULL,NULL,NULL,NULL,NULL,NULL,NULL,NULL,NULL,NULL,NULL,NULL,NULL,NULL,NULL,NULL,NULL,NULL,NULL
Mexico,Mexico,Latin America + Caribbean,Meso America,580,MX,MEX,NULL,NULL,NULL,NULL,NULL,NULL,NULL,NULL,NULL,NULL,NULL,NULL,NULL,NULL,NULL,NULL,NULL,NULL,NULL,NULL,NULL,NULL,NULL
Micronesia (Federated States of),Micronesia (Federated States of),Asia + Pacific,South Pacific,584,FM,FSM,NULL,NULL,NULL,NULL,NULL,NULL,NULL,NULL,NULL,NULL,NULL,NULL,NULL,NULL,NULL,NULL,NULL,NULL,NULL,NULL,NULL,NULL,NULL
Midway Island,United States of America,Asia + Pacific,South Pacific,588,,MID,NULL,NULL,NULL,NULL,NULL,NULL,NULL,NULL,NULL,NULL,NULL,NULL,NULL,NULL,NULL,NULL,NULL,NULL,NULL,NULL,NULL,NULL,NULL
Monaco,Monaco,Europe,Western Europe,596,MC,MCO,2.83,3.23,3.68,3.24,3.2,2.88,2.62,2.37,2.1,2.01,1.81,1.69,1.62,1.5,1.41,1.31,1.29,1.29,1.19,1.05,0.87,0.92,0.97
Mongolia,Mongolia,Asia + Pacific,North East Asia,600,MN,MNG,NULL,NULL,NULL,NULL,NULL,NULL,NULL,NULL,NULL,NULL,NULL,NULL,NULL,NULL,NULL,NULL,NULL,NULL,NULL,NULL,NULL,NULL,NULL
Montenegro,Montenegro,Europe,Central Europe,602,ME,MNE,NULL,NULL,NULL,NULL,NULL,NULL,NULL,NULL,NULL,NULL,NULL,NULL,NULL,NULL,NULL,NULL,NULL,NULL,NULL,NULL,NULL,NULL,NULL
Montserrat,United Kingdom of Great Britain and Northern Ireland,Latin America + Caribbean,Caribbean,604,MS,MSR,NULL,NULL,NULL,NULL,NULL,NULL,NULL,NULL,NULL,NULL,NULL,NULL,NULL,NULL,NULL,NULL,NULL,NULL,NULL,NULL,NULL,NULL,NULL
Morocco,Morocco,Africa,Northern Africa,608,MA,MAR,NULL,NULL,NULL,NULL,NULL,NULL,NULL,NULL,NULL,NULL,NULL,NULL,NULL,NULL,NULL,NULL,NULL,NULL,NULL,NULL,NULL,NULL,NULL
Mozambique,Mozambique,Africa,Southern Africa,612,MZ,MOZ,NULL,NULL,NULL,NULL,NULL,NULL,NULL,NULL,NULL,NULL,NULL,NULL,NULL,NULL,NULL,NULL,NULL,NULL,NULL,NULL,NULL,NULL,NULL
Myanmar,Myanmar,Asia + Pacific,South East Asia,616,MM,MMR,NULL,NULL,NULL,NULL,NULL,NULL,NULL,NULL,NULL,NULL,NULL,NULL,NULL,NULL,NULL,NULL,NULL,NULL,NULL,NULL,NULL,NULL,NULL
Namibia,Namibia,Africa,Southern Africa,620,NA,NAM,NULL,NULL,NULL,NULL,NULL,NULL,NULL,NULL,NULL,NULL,NULL,NULL,NULL,NULL,NULL,NULL,NULL,NULL,NULL,NULL,NULL,NULL,NULL
Nauru,Nauru,Asia + Pacific,South Pacific,624,NR,NRU,NULL,NULL,NULL,NULL,NULL,NULL,NULL,NULL,NULL,NULL,NULL,NULL,NULL,NULL,NULL,NULL,NULL,NULL,NULL,NULL,NULL,NULL,NULL
Nepal,Nepal,Asia + Pacific,South Asia,628,NP,NPL,NULL,NULL,NULL,NULL,NULL,NULL,NULL,NULL,NULL,NULL,NULL,NULL,NULL,NULL,NULL,NULL,NULL,NULL,NULL,NULL,NULL,NULL,NULL
Netherlands,Netherlands,Europe,Western Europe,632,NL,NLD,1259.22,1057.61,1038.78,990.11,957.65,971.08,918.51,903.52,920.11,831.23,864.82,862.82,789.92,714.09,718.28,685.72,678.89,659.25,655.8,605.7,602.1,579.54,557.04
Netherlands Antilles,Netherlands,Latin America + Caribbean,Caribbean,636,AN,ANT,NULL,NULL,NULL,NULL,NULL,NULL,NULL,NULL,NULL,NULL,NULL,NULL,NULL,NULL,NULL,NULL,NULL,NULL,NULL,NULL,NULL,NULL,NULL
New Caledonia,France,Asia + Pacific,South Pacific,640,NC,NCL,NULL,NULL,NULL,NULL,NULL,NULL,NULL,NULL,NULL,NULL,NULL,NULL,NULL,NULL,NULL,NULL,NULL,NULL,NULL,NULL,NULL,NULL,NULL
New Zealand,New Zealand,Asia + Pacific,Australia + New Zealand,644,NZ,NZL,644.86,632.21,637.68,648.39,676.31,672.83,680.68,696.77,710.58,703.66,700.65,702.97,723.57,740.33,751.7,751.08,750.48,773.97,745.63,727.52,740.16,720.5,714.17
Nicaragua,Nicaragua,Latin America + Caribbean,Meso America,648,NI,NIC,NULL,NULL,NULL,NULL,NULL,NULL,NULL,NULL,NULL,NULL,NULL,NULL,NULL,NULL,NULL,NULL,NULL,NULL,NULL,NULL,NULL,NULL,NULL
Niger,Niger,Africa,Western Africa,652,NE,NER,NULL,NULL,NULL,NULL,NULL,NULL,NULL,NULL,NULL,NULL,NULL,NULL,NULL,NULL,NULL,NULL,NULL,NULL,NULL,NULL,NULL,NULL,NULL
Nigeria,Nigeria,Africa,Western Africa,656,NG,NGA,NULL,NULL,NULL,NULL,NULL,NULL,NULL,NULL,NULL,NULL,NULL,NULL,NULL,NULL,NULL,NULL,NULL,NULL,NULL,NULL,NULL,NULL,NULL
Niue,New Zealand,Asia + Pacific,South Pacific,660,NU,NIU,NULL,NULL,NULL,NULL,NULL,NULL,NULL,NULL,NULL,NULL,NULL,NULL,NULL,NULL,NULL,NULL,NULL,NULL,NULL,NULL,NULL,NULL,NULL
Norfolk Island,Australia,Asia + Pacific,South Pacific,664,NF,NFK,NULL,NULL,NULL,NULL,NULL,NULL,NULL,NULL,NULL,NULL,NULL,NULL,NULL,NULL,NULL,NULL,NULL,NULL,NULL,NULL,NULL,NULL,NULL
Northern Mariana Islands,United States of America,Asia + Pacific,South Pacific,668,MP,MNP,NULL,NULL,NULL,NULL,NULL,NULL,NULL,NULL,NULL,NULL,NULL,NULL,NULL,NULL,NULL,NULL,NULL,NULL,NULL,NULL,NULL,NULL,NULL
Norway,Norway,Europe,Western Europe,672,NO,NOR,747.23,694.1,661.18,668.4,666.35,645.14,622.06,606.96,570.54,542.89,519.89,501.29,493.31,450.76,405.26,397.38,371.26,358.52,343.4,324.81,338,309.42,300.64
Oman,Oman,West Asia,Arabian Peninsula,680,OM,OMN,NULL,NULL,NULL,NULL,NULL,NULL,NULL,NULL,NULL,NULL,NULL,NULL,NULL,NULL,NULL,NULL,NULL,NULL,NULL,NULL,NULL,NULL,NULL
Pakistan,Pakistan,Asia + Pacific,South Asia,684,PK,PAK,NULL,NULL,NULL,NULL,NULL,NULL,NULL,NULL,NULL,NULL,NULL,NULL,NULL,NULL,NULL,NULL,NULL,NULL,NULL,NULL,NULL,NULL,NULL
Palau,Palau,Asia + Pacific,South Pacific,688,PW,PLW,NULL,NULL,NULL,NULL,NULL,NULL,NULL,NULL,NULL,NULL,NULL,NULL,NULL,NULL,NULL,NULL,NULL,NULL,NULL,NULL,NULL,NULL,NULL
Panama,Panama,Latin America + Caribbean,Meso America,692,PA,PAN,NULL,NULL,NULL,NULL,NULL,NULL,NULL,NULL,NULL,NULL,NULL,NULL,NULL,NULL,NULL,NULL,NULL,NULL,NULL,NULL,NULL,NULL,NULL
Papua New Guinea,Papua New Guinea,Asia + Pacific,South Pacific,696,PG,PNG,NULL,NULL,NULL,NULL,NULL,NULL,NULL,NULL,NULL,NULL,NULL,NULL,NULL,NULL,NULL,NULL,NULL,NULL,NULL,NULL,NULL,NULL,NULL
Paraguay,Paraguay,Latin America + Caribbean,South America,704,PY,PRY,NULL,NULL,NULL,NULL,NULL,NULL,NULL,NULL,NULL,NULL,NULL,NULL,NULL,NULL,NULL,NULL,NULL,NULL,NULL,NULL,NULL,NULL,NULL
Peru,Peru,Latin America + Caribbean,South America,708,PE,PER,NULL,NULL,NULL,NULL,NULL,NULL,NULL,NULL,NULL,NULL,NULL,NULL,NULL,NULL,NULL,NULL,NULL,NULL,NULL,NULL,NULL,NULL,NULL
Philippines,Philippines,Asia + Pacific,South East Asia,712,PH,PHL,NULL,NULL,NULL,NULL,NULL,NULL,NULL,NULL,NULL,NULL,NULL,NULL,NULL,NULL,NULL,NULL,NULL,NULL,NULL,NULL,NULL,NULL,NULL
Pitcairn,United Kingdom of Great Britain and Northern Ireland,Asia + Pacific,South Pacific,716,PN,PCN,NULL,NULL,NULL,NULL,NULL,NULL,NULL,NULL,NULL,NULL,NULL,NULL,NULL,NULL,NULL,NULL,NULL,NULL,NULL,NULL,NULL,NULL,NULL
Poland,Poland,Europe,Central Europe,720,PL,POL,7406,NULL,7083,8655,5115,4547,4837,4700,4301,4363,2633.41,2624.8,2562.84,2519.54,2657.92,2648.63,2857.24,2738.5,2769.34,2715.38,3052.07,2915.78,2818.4
Portugal,Portugal,Europe,Western Europe,724,PT,PRT,888.69,928,894.85,869.71,869.03,912.23,841.47,782.1,831.15,767.29,749.74,640.36,646.08,817.37,569.37,685.47,484.52,439.03,414.35,401.62,430.34,370.72,385.02
Puerto Rico,United States of America,Latin America + Caribbean,Caribbean,728,PR,PRI,NULL,NULL,NULL,NULL,NULL,NULL,NULL,NULL,NULL,NULL,NULL,NULL,NULL,NULL,NULL,NULL,NULL,NULL,NULL,NULL,NULL,NULL,NULL
Qatar,Qatar,West Asia,Arabian Peninsula,732,QA,QAT,NULL,NULL,NULL,NULL,NULL,NULL,NULL,NULL,NULL,NULL,NULL,NULL,NULL,NULL,NULL,NULL,NULL,NULL,NULL,NULL,NULL,NULL,NULL
Republic of Korea,Republic of Korea,Asia + Pacific,North East Asia,736,KR,KOR,NULL,NULL,NULL,NULL,NULL,NULL,NULL,NULL,NULL,NULL,NULL,NULL,NULL,NULL,NULL,NULL,NULL,NULL,NULL,NULL,NULL,NULL,NULL
Republic of Moldova,Moldova,Europe,Eastern Europe,592,MD,MDA,NULL,NULL,NULL,NULL,NULL,NULL,NULL,NULL,NULL,NULL,NULL,NULL,NULL,NULL,NULL,NULL,NULL,NULL,NULL,NULL,NULL,NULL,NULL
Réunion,France,Africa,Western Indian Ocean,740,RE,REU,NULL,NULL,NULL,NULL,NULL,NULL,NULL,NULL,NULL,NULL,NULL,NULL,NULL,NULL,NULL,NULL,NULL,NULL,NULL,NULL,NULL,NULL,NULL
Romania,Romania,Europe,Central Europe,744,RO,ROU,1239.28,1007.29,897.96,843.15,854.4,900.8,1191.85,1421.84,1442.63,1297.52,1301.52,1271.8,1307.98,1367.7,1579.85,1492.07,1388.78,1396.44,1627.02,1533.97,1334.97,1276.9,1207.95
Russian Federation,Russian Federation,Europe,Eastern Europe,748,RU,RUS,35512.5,34084.4,26743.9,25291,22796.8,22167.6,23922.6,21445.6,26782.8,22286.2,22864.1,23091.1,24454.9,26316,22379.3,25481.5,29323.8,28881.7,30877.7,30820.8,29161.5,30033.5,30060.2
Rwanda,Rwanda,Africa,Eastern Africa,752,RW,RWA,NULL,NULL,NULL,NULL,NULL,NULL,NULL,NULL,NULL,NULL,NULL,NULL,NULL,NULL,NULL,NULL,NULL,NULL,NULL,NULL,NULL,NULL,NULL
Saint Helena,United Kingdom of Great Britain and Northern Ireland,Africa,Southern Africa,756,SH,SHN,NULL,NULL,NULL,NULL,NULL,NULL,NULL,NULL,NULL,NULL,NULL,NULL,NULL,NULL,NULL,NULL,NULL,NULL,NULL,NULL,NULL,NULL,NULL
Saint Kitts and Nevis,Saint Kitts and Nevis,Latin America + Caribbean,Caribbean,760,KN,KNA,NULL,NULL,NULL,NULL,NULL,NULL,NULL,NULL,NULL,NULL,NULL,NULL,NULL,NULL,NULL,NULL,NULL,NULL,NULL,NULL,NULL,NULL,NULL
Saint Lucia,Saint Lucia,Latin America + Caribbean,Caribbean,764,LC,LCA,NULL,NULL,NULL,NULL,NULL,NULL,NULL,NULL,NULL,NULL,NULL,NULL,NULL,NULL,NULL,NULL,NULL,NULL,NULL,NULL,NULL,NULL,NULL
Saint Pierre and Miquelon,France,North America,North America,768,PM,SPM,NULL,NULL,NULL,NULL,NULL,NULL,NULL,NULL,NULL,NULL,NULL,NULL,NULL,NULL,NULL,NULL,NULL,NULL,NULL,NULL,NULL,NULL,NULL
Saint Vincent and the Grenadines,Saint Vincent and the Grenadines,Latin America + Caribbean,Caribbean,772,VC,VCT,NULL,NULL,NULL,NULL,NULL,NULL,NULL,NULL,NULL,NULL,NULL,NULL,NULL,NULL,NULL,NULL,NULL,NULL,NULL,NULL,NULL,NULL,NULL
Samoa,Samoa,Asia + Pacific,South Pacific,776,WS,WSM,NULL,NULL,NULL,NULL,NULL,NULL,NULL,NULL,NULL,NULL,NULL,NULL,NULL,NULL,NULL,NULL,NULL,NULL,NULL,NULL,NULL,NULL,NULL
San Marino,San Marino,Europe,Western Europe,780,SM,SMR,NULL,NULL,NULL,NULL,NULL,NULL,NULL,NULL,NULL,NULL,NULL,NULL,NULL,NULL,NULL,NULL,NULL,NULL,NULL,NULL,NULL,NULL,NULL
Sao Tome and Principe,Sao Tome and Principe,Africa,Central Africa,784,ST,STP,NULL,NULL,NULL,NULL,NULL,NULL,NULL,NULL,NULL,NULL,NULL,NULL,NULL,NULL,NULL,NULL,NULL,NULL,NULL,NULL,NULL,NULL,NULL
Saudi Arabia,Saudi Arabia,West Asia,Arabian Peninsula,788,SA,SAU,NULL,NULL,NULL,NULL,NULL,NULL,NULL,NULL,NULL,NULL,NULL,NULL,NULL,NULL,NULL,NULL,NULL,NULL,NULL,NULL,NULL,NULL,NULL
Senegal,Senegal,Africa,Western Africa,792,SN,SEN,NULL,NULL,NULL,NULL,NULL,NULL,NULL,NULL,NULL,NULL,NULL,NULL,NULL,NULL,NULL,NULL,NULL,NULL,NULL,NULL,NULL,NULL,NULL
Serbia,Serbia,Europe,Central Europe,794,RS,SRB,NULL,NULL,NULL,NULL,NULL,NULL,NULL,NULL,NULL,NULL,NULL,NULL,NULL,NULL,NULL,NULL,NULL,NULL,NULL,NULL,NULL,NULL,NULL
Seychelles,Seychelles,Africa,Western Indian Ocean,796,SC,SYC,NULL,NULL,NULL,NULL,NULL,NULL,NULL,NULL,NULL,NULL,NULL,NULL,NULL,NULL,NULL,NULL,NULL,NULL,NULL,NULL,NULL,NULL,NULL
Sierra Leone,Sierra Leone,Africa,Western Africa,800,SL,SLE,NULL,NULL,NULL,NULL,NULL,NULL,NULL,NULL,NULL,NULL,NULL,NULL,NULL,NULL,NULL,NULL,NULL,NULL,NULL,NULL,NULL,NULL,NULL
Singapore,Singapore,Asia + Pacific,South East Asia,804,SG,SGP,NULL,NULL,NULL,NULL,NULL,NULL,NULL,NULL,NULL,NULL,NULL,NULL,NULL,NULL,NULL,NULL,NULL,NULL,NULL,NULL,NULL,NULL,NULL
Slovakia,Slovakia,Europe,Central Europe,808,SK,SVK,519.84,496.06,459.04,469.06,441.98,427.23,366.5,364.36,347.35,334.82,306.24,310.41,295.76,298.08,299.06,281.73,280.22,252.12,253.63,217.7,230.27,236.27,226.82
Slovenia,Slovenia,Europe,Central Europe,812,SI,SVN,337.45,326.59,295.63,308.34,301.49,300.94,313.4,285.02,246.9,219.23,213.12,206.94,200.25,204.38,181.84,177.85,173.04,162.48,158.24,155.36,151.36,159,160.18
Solomon Islands,Solomon Islands,Asia + Pacific,South Pacific,816,SB,SLB,NULL,NULL,NULL,NULL,NULL,NULL,NULL,NULL,NULL,NULL,NULL,NULL,NULL,NULL,NULL,NULL,NULL,NULL,NULL,NULL,NULL,NULL,NULL
Somalia,Somalia,Africa,Eastern Africa,820,SO,SOM,NULL,NULL,NULL,NULL,NULL,NULL,NULL,NULL,NULL,NULL,NULL,NULL,NULL,NULL,NULL,NULL,NULL,NULL,NULL,NULL,NULL,NULL,NULL
South Africa,South Africa,Africa,Southern Africa,824,ZA,ZAF,NULL,NULL,NULL,NULL,NULL,NULL,NULL,NULL,NULL,NULL,NULL,NULL,NULL,NULL,NULL,NULL,NULL,NULL,NULL,NULL,NULL,NULL,NULL
South Sudan,South Sudan,Africa,Eastern Africa,846,SS,SSD,NULL,NULL,NULL,NULL,NULL,NULL,NULL,NULL,NULL,NULL,NULL,NULL,NULL,NULL,NULL,NULL,NULL,NULL,NULL,NULL,NULL,NULL,NULL
Spain,Spain,Europe,Western Europe,832,ES,ESP,3731.96,3840.64,3777.38,3606.43,3675.76,3223.09,3219.65,3139.84,3040.78,2854.46,2769.07,2663.44,2427.37,2508.39,2363.64,2239.22,2332.44,2124.97,2003.62,1953.26,2025.78,2018.68,1979.58
Sri Lanka,Sri Lanka,Asia + Pacific,South Asia,840,LK,LKA,NULL,NULL,NULL,NULL,NULL,NULL,NULL,NULL,NULL,NULL,NULL,NULL,NULL,NULL,NULL,NULL,NULL,NULL,NULL,NULL,NULL,NULL,NULL
State of Palestine,State of Palestine,West Asia,Mashriq,676,PS,PSE,NULL,NULL,NULL,NULL,NULL,NULL,NULL,NULL,NULL,NULL,NULL,NULL,NULL,NULL,NULL,NULL,NULL,NULL,NULL,NULL,NULL,NULL,NULL
Sudan,Sudan,Africa,Northern Africa,844,SD,SDN,NULL,NULL,NULL,NULL,NULL,NULL,NULL,NULL,NULL,NULL,NULL,NULL,NULL,NULL,NULL,NULL,NULL,NULL,NULL,NULL,NULL,NULL,NULL
Suriname,Suriname,Latin America + Caribbean,South America,848,SR,SUR,NULL,NULL,NULL,NULL,NULL,NULL,NULL,NULL,NULL,NULL,NULL,NULL,NULL,NULL,NULL,NULL,NULL,NULL,NULL,NULL,NULL,NULL,NULL
Svalbard and Jan Mayen Islands,Norway,Europe,Western Europe,852,SJ,SJM,NULL,NULL,NULL,NULL,NULL,NULL,NULL,NULL,NULL,NULL,NULL,NULL,NULL,NULL,NULL,NULL,NULL,NULL,NULL,NULL,NULL,NULL,NULL
Swaziland,Swaziland,Africa,Southern Africa,856,SZ,SWZ,NULL,NULL,NULL,NULL,NULL,NULL,NULL,NULL,NULL,NULL,NULL,NULL,NULL,NULL,NULL,NULL,NULL,NULL,NULL,NULL,NULL,NULL,NULL
Sweden,Sweden,Europe,Western Europe,860,SE,SWE,1280.17,1331.72,1272.1,1161.75,1187.7,1124.69,1098.51,1004.75,942.27,890.66,815.78,777.2,734,718.6,671.55,661.72,622.67,609.59,597.34,596.42,575.83,552.16,546.39
Switzerland,Switzerland,Europe,Western Europe,864,CH,CHE,799.74,765.35,712.15,627.36,576.01,535.73,517.51,487.81,467.19,453.56,426.54,405.32,377.78,365.51,347.1,330.13,306.74,288.55,278.74,262.83,253.01,233,226.9
Syrian Arab Republic,Syrian Arab Republic,West Asia,Mashriq,868,SY,SYR,NULL,NULL,NULL,NULL,NULL,NULL,NULL,NULL,NULL,NULL,NULL,NULL,NULL,NULL,NULL,NULL,NULL,NULL,NULL,NULL,NULL,NULL,NULL
Taiwan Province of China,China,Asia + Pacific,North East Asia,185,TW,TWN,NULL,NULL,NULL,NULL,NULL,NULL,NULL,NULL,NULL,NULL,NULL,NULL,NULL,NULL,NULL,NULL,NULL,NULL,NULL,NULL,NULL,NULL,NULL
Tajikistan,Tajikistan,Europe,Central Asia,876,TJ,TJK,NULL,NULL,NULL,NULL,NULL,NULL,NULL,NULL,NULL,NULL,NULL,NULL,NULL,NULL,NULL,NULL,NULL,NULL,NULL,NULL,NULL,NULL,NULL
Thailand,Thailand,Asia + Pacific,South East Asia,880,TH,THA,NULL,NULL,NULL,NULL,NULL,NULL,NULL,NULL,NULL,NULL,NULL,NULL,NULL,NULL,NULL,NULL,NULL,NULL,NULL,NULL,NULL,NULL,NULL
The former Yugoslav Republic of Macedonia,The former Yugoslav Republic of Macedonia,Europe,Central Europe,884,MK,MKD,NULL,NULL,NULL,NULL,NULL,NULL,NULL,NULL,NULL,NULL,NULL,NULL,NULL,NULL,NULL,NULL,NULL,NULL,NULL,NULL,NULL,NULL,NULL
Timor-Leste,Timor-Leste,Asia + Pacific,South East Asia,886,TL,TLS,NULL,NULL,NULL,NULL,NULL,NULL,NULL,NULL,NULL,NULL,NULL,NULL,NULL,NULL,NULL,NULL,NULL,NULL,NULL,NULL,NULL,NULL,NULL
Togo,Togo,Africa,Western Africa,888,TG,TGO,NULL,NULL,NULL,NULL,NULL,NULL,NULL,NULL,NULL,NULL,NULL,NULL,NULL,NULL,NULL,NULL,NULL,NULL,NULL,NULL,NULL,NULL,NULL
Tokelau,New Zealand,Asia + Pacific,South Pacific,892,TK,TKL,NULL,NULL,NULL,NULL,NULL,NULL,NULL,NULL,NULL,NULL,NULL,NULL,NULL,NULL,NULL,NULL,NULL,NULL,NULL,NULL,NULL,NULL,NULL
Tonga,Tonga,Asia + Pacific,South Pacific,896,TO,TON,NULL,NULL,NULL,NULL,NULL,NULL,NULL,NULL,NULL,NULL,NULL,NULL,NULL,NULL,NULL,NULL,NULL,NULL,NULL,NULL,NULL,NULL,NULL
Trinidad and Tobago,Trinidad and Tobago,Latin America + Caribbean,Caribbean,900,TT,TTO,NULL,NULL,NULL,NULL,NULL,NULL,NULL,NULL,NULL,NULL,NULL,NULL,NULL,NULL,NULL,NULL,NULL,NULL,NULL,NULL,NULL,NULL,NULL
Tunisia,Tunisia,Africa,Northern Africa,904,TN,TUN,NULL,NULL,NULL,NULL,NULL,NULL,NULL,NULL,NULL,NULL,NULL,NULL,NULL,NULL,NULL,NULL,NULL,NULL,NULL,NULL,NULL,NULL,NULL
Turkey,Turkey,Europe,Central Europe,908,TR,TUR,3643.96,3625.74,3784.28,4099.75,4473.84,4678.83,4803.77,4920.76,4864.47,4623.52,4297.39,3881.15,3805.1,3708.6,3623.94,3260.61,3353.9,3273.19,2877.65,3473.92,3483.88,2964.17,2988.28
Turkmenistan,Turkmenistan,Europe,Central Asia,912,TM,TKM,NULL,NULL,NULL,NULL,NULL,NULL,NULL,NULL,NULL,NULL,NULL,NULL,NULL,NULL,NULL,NULL,NULL,NULL,NULL,NULL,NULL,NULL,NULL
Turks and Caicos Islands,United Kingdom of Great Britain and Northern Ireland,Latin America + Caribbean,Caribbean,916,TC,TCA,NULL,NULL,NULL,NULL,NULL,NULL,NULL,NULL,NULL,NULL,NULL,NULL,NULL,NULL,NULL,NULL,NULL,NULL,NULL,NULL,NULL,NULL,NULL
Tuvalu,Tuvalu,Asia + Pacific,South Pacific,920,TV,TUV,NULL,NULL,NULL,NULL,NULL,NULL,NULL,NULL,NULL,NULL,NULL,NULL,NULL,NULL,NULL,NULL,NULL,NULL,NULL,NULL,NULL,NULL,NULL
Uganda,Uganda,Africa,Eastern Africa,924,UG,UGA,NULL,NULL,NULL,NULL,NULL,NULL,NULL,NULL,NULL,NULL,NULL,NULL,NULL,NULL,NULL,NULL,NULL,NULL,NULL,NULL,NULL,NULL,NULL
Ukraine,Ukraine,Europe,Eastern Europe,928,UA,UKR,6183.39,4882.8,3770.51,3206.87,2727.33,2295.24,1966.44,1681.85,2423.89,2001.13,1937.52,2238.56,2393.15,2273.6,2595.08,2566.61,2614.13,2810.99,2753.85,2501.35,2358.83,1157.26,1106.36
United Arab Emirates,United Arab Emirates,West Asia,Arabian Peninsula,932,AE,ARE,NULL,NULL,NULL,NULL,NULL,NULL,NULL,NULL,NULL,NULL,NULL,NULL,NULL,NULL,NULL,NULL,NULL,NULL,NULL,NULL,NULL,NULL,NULL
United Kingdom of Great Britain and Northern Ireland,United Kingdom of Great Britain and Northern Ireland,Europe,Western Europe,936,GB,GBR,9124.58,9307.7,8896.95,8533.18,8049.31,7545.72,7593.3,7075.2,6782.11,6423.88,5649.82,5297,4737.13,4339.1,3935,3555.86,3345.59,3047.51,2845.62,2369.81,2246.08,2068.65,2021.78
United Republic of Tanzania,United Republic of Tanzania,Africa,Southern Africa,940,TZ,TZA,NULL,NULL,NULL,NULL,NULL,NULL,NULL,NULL,NULL,NULL,NULL,NULL,NULL,NULL,NULL,NULL,NULL,NULL,NULL,NULL,NULL,NULL,NULL
United States of America,United States of America,North America,North America,944,US,USA,132748,128226,125302,119301,119186,112282,113881,102576,101113,103578,104715,96028.6,86397.4,79449.3,73329.4,74956.3,81353.8,73491.9,62582.4,52618.2,51807.3,59917.7,61343.1
United States Virgin Islands,United States of America,Latin America + Caribbean,Caribbean,948,VI,VIR,NULL,NULL,NULL,NULL,NULL,NULL,NULL,NULL,NULL,NULL,NULL,NULL,NULL,NULL,NULL,NULL,NULL,NULL,NULL,NULL,NULL,NULL,NULL
Uruguay,Uruguay,Latin America + Caribbean,South America,952,UY,URY,NULL,NULL,NULL,NULL,NULL,NULL,NULL,NULL,NULL,NULL,NULL,NULL,NULL,NULL,NULL,NULL,NULL,NULL,NULL,NULL,NULL,NULL,NULL
Uzbekistan,Uzbekistan,Europe,Central Asia,956,UZ,UZB,NULL,NULL,NULL,NULL,NULL,NULL,NULL,NULL,NULL,NULL,NULL,NULL,NULL,NULL,NULL,NULL,NULL,NULL,NULL,NULL,NULL,NULL,NULL
Vanuatu,Vanuatu,Asia + Pacific,South Pacific,960,VU,VUT,NULL,NULL,NULL,NULL,NULL,NULL,NULL,NULL,NULL,NULL,NULL,NULL,NULL,NULL,NULL,NULL,NULL,NULL,NULL,NULL,NULL,NULL,NULL
Venezuela (Bolivarian Republic of),Venezuela Bolivarian Republic of,Latin America + Caribbean,South America,964,VE,VEN,NULL,NULL,NULL,NULL,NULL,NULL,NULL,NULL,NULL,NULL,NULL,NULL,NULL,NULL,NULL,NULL,NULL,NULL,NULL,NULL,NULL,NULL,NULL
Viet Nam,Viet Nam,Asia + Pacific,South East Asia,968,VN,VNM,NULL,NULL,NULL,NULL,NULL,NULL,NULL,NULL,NULL,NULL,NULL,NULL,NULL,NULL,NULL,NULL,NULL,NULL,NULL,NULL,NULL,NULL,NULL
Wake Island,United States of America,Asia + Pacific,South Pacific,972,,WAK,NULL,NULL,NULL,NULL,NULL,NULL,NULL,NULL,NULL,NULL,NULL,NULL,NULL,NULL,NULL,NULL,NULL,NULL,NULL,NULL,NULL,NULL,NULL
Wallis and Futuna,France,Asia + Pacific,South Pacific,976,WF,WLF,NULL,NULL,NULL,NULL,NULL,NULL,NULL,NULL,NULL,NULL,NULL,NULL,NULL,NULL,NULL,NULL,NULL,NULL,NULL,NULL,NULL,NULL,NULL
Western Sahara,Western Sahara,Africa,Northern Africa,980,EH,ESH,NULL,NULL,NULL,NULL,NULL,NULL,NULL,NULL,NULL,NULL,NULL,NULL,NULL,NULL,NULL,NULL,NULL,NULL,NULL,NULL,NULL,NULL,NULL
Yemen,Yemen,West Asia,Arabian Peninsula,984,YE,YEM,NULL,NULL,NULL,NULL,NULL,NULL,NULL,NULL,NULL,NULL,NULL,NULL,NULL,NULL,NULL,NULL,NULL,NULL,NULL,NULL,NULL,NULL,NULL
Zambia,Zambia,Africa,Southern Africa,992,ZM,ZMB,NULL,NULL,NULL,NULL,NULL,NULL,NULL,NULL,NULL,NULL,NULL,NULL,NULL,NULL,NULL,NULL,NULL,NULL,NULL,NULL,NULL,NULL,NULL
Zimbabwe,Zimbabwe,Africa,Southern Africa,996,ZW,ZWE,NULL,NULL,NULL,NULL,NULL,NULL,NULL,NULL,NULL,NULL,NULL,NULL,NULL,NULL,NULL,NULL,NULL,NULL,NULL,NULL,NULL,NULL,NULL
