Country Name,Sovereign,GEO Region,GEO Subregion,dis75,dis76,dis77,dis78,dis79,dis80,dis81,dis82,dis83,dis84,dis85,dis86,dis87,dis88,dis89,dis90,dis91,dis92,dis93,dis94,dis95,dis96,dis97,dis98,dis99,dis00,dis01,dis02,dis03,dis04
Afghanistan,Afghanistan,Asia + Pacific,South Asia,0,170000,0,264044,0,30000,0,35000,27440,0,0,0,0,161455,0,0,137200,0,0,100000,0,2500,20000,102000,60685,2580000,4000000,95445,500,2800
Albania,Albania,Europe,Central Europe,0,0,0,0,0,0,0,0,0,0,5745,0,0,690,0,0,3200000,35000,0,0,3500,0,8000,2100,0,0,0,191884,0,0
Algeria,Algeria,Africa,Northern Africa,0,0,0,0,30000,478948,0,8500,0,0,0,0,3145,10107,12000,0,0,2250,0,12500,0,0,0,0,0,0,45000,2285,0,27545
American Samoa,United States of America,Asia + Pacific,South Pacific,0,0,0,0,0,0,0,0,0,0,0,0,0,0,0,0,0,0,0,0,0,0,0,0,0,0,0,0,0,20000
Andorra,Andorra,Europe,Western Europe,0,0,0,0,0,0,0,0,0,0,0,0,0,0,0,0,0,0,0,0,0,0,0,0,0,0,0,0,0,0
Angola,Angola,Africa,Southern Africa,0,0,0,0,0,0,80000,0,0,0,500000,0,0,0,2296000,870000,0,0,0,0,0,0,0,105000,0,19000,39928,0,0,355000
Anguilla,United Kingdom of Great Britain and Northern Ireland,Latin America + Caribbean,Caribbean,0,0,0,0,0,0,0,0,0,0,0,0,0,0,0,0,0,0,0,0,0,0,0,0,150,0,0,0,0,0
Antarctica,Antarctic,Polar,Antarctic,0,0,0,0,0,0,0,0,0,0,0,0,0,0,0,0,0,0,0,0,0,0,0,0,0,0,0,0,0,0
Antigua and Barbuda,Antigua and Barbuda,Latin America + Caribbean,Caribbean,0,0,0,0,0,0,0,0,75000,0,0,0,0,0,0,0,0,0,0,0,65000,0,0,0,4500,0,0,0,0,0
Argentina,Argentina,Latin America + Caribbean,South America,0,0,2500,1600,20000,40000,0,50000,5830000,12000,1195000,145000,165000,4600000,0,2000,62000,0,4000,0,33500,0,12500,364000,0,30300,254800,13700,143900,1300
Armenia,Armenia,Europe,Eastern Europe,0,0,0,0,0,0,0,0,0,0,0,0,0,1100000,0,0,0,0,0,0,0,0,22000,0,0,297000,0,0,0,0
Aruba,Netherlands,Latin America + Caribbean,Caribbean,0,0,0,0,0,0,0,0,0,0,0,0,0,0,0,0,0,0,0,0,0,0,0,0,0,0,0,0,0,0
Australia,Australia,Asia + Pacific,Australia + New Zealand,0,10000,0,100,0,0,0,80000,0,0,0,0,0,0,2000,6000,690,1750120,4777000,5760000,2681500,634300,400,12875,12000,1750,8580,120,5026,4000
Austria,Austria,Europe,Western Europe,0,0,0,0,0,0,0,0,0,0,0,0,0,0,0,0,0,0,0,0,0,0,0,0,10000,0,0,60300,0,0
Azerbaijan,Azerbaijan,Europe,Eastern Europe,0,0,0,0,0,0,0,0,0,0,0,0,0,0,0,0,0,0,0,0,1502800,0,75000,700000,750,2694,0,0,30000,0
Bahamas,Bahamas,Latin America + Caribbean,Caribbean,0,0,0,0,0,0,0,0,0,0,0,0,0,0,0,0,0,0,0,0,0,0,0,0,0,0,0,0,0,9000
Bahrain,Bahrain,West Asia,Arabian Peninsula,0,0,0,0,0,0,0,0,0,0,0,0,0,0,0,0,0,0,0,0,0,0,0,0,0,0,0,0,0,0
Bangladesh,Bangladesh,Asia + Pacific,South Asia,0,4000000,213650,400000,2000,10001000,2000000,283000,27065000,30000000,1819000,2700000,45000000,53573900,5300000,2023870,18790000,0,16434100,775100,22857300,5910920,3592740,15263400,422250,2740640,726000,1650000,552500,33579000
Barbados,Barbados,Latin America + Caribbean,Caribbean,0,0,0,0,0,0,0,0,0,0,0,0,0,0,0,0,0,0,0,0,0,0,0,0,0,0,0,0,0,1000
Belarus,Belarus,Europe,Eastern Europe,0,0,0,0,0,0,0,0,0,0,0,0,0,0,0,0,0,0,40000,0,0,0,21045,0,2000,0,0,0,0,0
Belgium,Belgium,Europe,Western Europe,0,0,0,0,0,0,0,0,1000,0,0,0,0,0,0,0,0,0,600,135,800,0,0,140,900,0,0,2400,0,0
Belize,Belize,Latin America + Caribbean,Meso America,0,0,0,6000,17000,0,0,0,0,0,0,0,0,0,0,0,0,0,0,0,2600,0,0,60000,0,62000,20000,0,0,0
Benin,Benin,Africa,Western Africa,0,0,0,4000,0,0,0,500000,670000,670000,1015000,0,0,68000,0,0,0,0,0,14000,115000,147901,51000,400000,47000,0,0,0,0,0
Bermuda,United Kingdom of Great Britain and Northern Ireland,Latin America + Caribbean,Caribbean,0,0,0,0,0,0,0,0,0,0,0,0,0,0,0,0,0,0,0,0,0,0,0,0,0,0,0,0,0,0
Bhutan,Bhutan,Asia + Pacific,South Asia,0,0,0,0,0,0,0,0,0,0,0,0,0,0,0,0,0,0,0,65600,0,0,0,0,0,0,0,0,0,0
Bolivia (Plurinational State of),Bolivia,Latin America + Caribbean,South America,0,0,70000,163000,0,15000,0,30000,3133050,3000,0,260000,20000,0,0,283160,0,0,0,215000,0,0,190000,11100,4500,52277,357250,17085,48190,0
Bosnia and Herzegovina,Bosnia and Herzegovina,Europe,Central Europe,0,0,0,0,0,0,0,0,0,0,0,0,0,0,0,0,0,0,0,0,0,0,0,0,1000,400,9000,0,62575,275000
Botswana,Botswana,Africa,Southern Africa,0,0,0,0,0,0,0,409770,409770,1037300,880000,648000,671000,12000,0,0,0,100000,0,0,3500,0,0,0,0,106776,0,0,0,4960
Brazil,Brazil,Latin America + Caribbean,South America,748000,0,81000,1000,6500000,271000,52000,4000,23330000,360200,610000,16835,10500,3800000,578000,0,2000,144723,0,0,0,7000,600,10049000,502000,2000,1002000,2000,18000,9590
British Virgin Islands,United Kingdom of Great Britain and Northern Ireland,Latin America + Caribbean,Caribbean,0,0,0,0,0,0,0,0,0,0,0,0,0,0,0,0,0,0,0,0,0,0,0,0,0,0,0,0,0,0
Brunei Darussalam,Brunei Darussalam,Asia + Pacific,South East Asia,0,0,0,0,0,0,0,0,0,0,0,0,0,0,0,0,0,0,0,0,0,0,0,0,0,0,0,0,0,0
Bulgaria,Bulgaria,Europe,Central Europe,0,0,0,0,0,0,0,0,0,0,0,0,0,0,0,0,0,0,5000,0,0,0,0,500,0,0,0,0,0,0
Burkina Faso,Burkina Faso,Africa,Western Africa,325000,0,0,442000,0,0,0,0,1250000,1500,0,0,0,223324,0,2600000,0,0,0,66500,0,0,0,20700,800,0,0,0,0,0
Burundi,Burundi,Africa,Eastern Africa,0,0,0,0,0,0,0,0,0,0,0,0,0,0,3600,0,0,0,0,0,0,0,0,0,218410,700000,224710,8000,0,0
Cabo Verde,Cabo Verde,Africa,Western Africa,0,0,0,0,0,0,0,2100,0,5500,0,0,0,0,0,0,0,0,0,0,1300,0,0,0,0,0,0,0,0,0
Cambodia,Cambodia,Asia + Pacific,South East Asia,0,0,0,0,0,0,0,0,0,0,0,0,0,0,0,0,650000,0,0,29000,0,1300000,0,0,634574,3448000,1969180,2120000,0,0
Cameroon,Cameroon,Africa,Central Africa,0,0,0,0,0,0,0,0,0,0,0,10000,0,1000,0,0,0,0,0,0,0,0,0,0,2500,0,0,0,0,0
Canada,Canada,North America,North America,0,0,0,0,0,5000,0,200,0,30000,0,8900,0,0,25000,0,0,0,200,4300,12100,5000,30600,511100,5500,700,1200,600,2670,0
Cayman Islands,United Kingdom of Great Britain and Northern Ireland,Latin America + Caribbean,Caribbean,0,0,0,0,0,0,0,0,0,0,0,0,0,0,0,0,0,0,0,0,0,0,0,0,0,0,0,300,0,0
Central African Republic,Central African Republic,Africa,Central Africa,0,0,0,0,0,0,900,0,0,0,0,0,0,0,0,0,0,0,0,0,2042,16000,0,0,20000,0,0,0,0,0
Chad,Chad,Africa,Central Africa,0,0,1900000,0,0,0,0,0,600000,1500000,1500000,0,0,48650,0,0,0,0,300000,0,40343,0,0,0,128506,0,319222,0,0,0
Chile,Chile,Latin America + Caribbean,South America,0,0,0,6000,0,0,0,8000,1500,203064,979792,84908,116364,10000,0,2500,127000,0,2343,0,11200,0,108350,0,0,171266,14245,270162,0,9000
China,China,Asia + Pacific,North East Asia,3839,200,57,6002590,13367,80309,2979000,601684,21000,28000,276966,13633500,2143300,75812100,137107000,47649900,214651000,24193000,8604860,136045000,143023000,168672000,14159900,224154000,128932000,30475300,60619100,331904000,215802000,56472100
China Hong Kong Special Administrative Region,China,Asia + Pacific,North East Asia,NULL,NULL,NULL,NULL,NULL,NULL,NULL,NULL,NULL,NULL,NULL,NULL,NULL,NULL,NULL,NULL,NULL,NULL,NULL,NULL,NULL,NULL,NULL,NULL,NULL,NULL,NULL,NULL,NULL,NULL
China Macao Special Administrative Region,China,Asia + Pacific,North East Asia,NULL,NULL,NULL,NULL,NULL,NULL,NULL,NULL,NULL,NULL,NULL,NULL,NULL,NULL,NULL,NULL,NULL,NULL,NULL,NULL,NULL,NULL,NULL,NULL,NULL,NULL,NULL,NULL,NULL,NULL
Christmas Island,Australia,Asia + Pacific,South East Asia,0,0,0,0,0,0,0,0,0,0,0,0,0,0,0,0,0,0,0,0,0,0,0,0,0,0,0,0,0,0
Cocos (Keeling) Islands,Australia,Asia + Pacific,South Pacific,0,0,0,0,0,0,0,0,0,0,0,0,0,0,0,0,0,0,0,0,0,0,0,0,0,0,0,0,0,0
Colombia,Colombia,Latin America + Caribbean,South America,0,0,0,0,110000,0,14000,0,35000,194000,7700,278000,4800,231900,0,20625,791,0,86339,21980,14682,180000,0,100000,845200,528430,6000,124525,40395,186048
Comoros,Comoros,Africa,Western Indian Ocean,0,0,20000,0,0,0,0,0,30000,0,35000,0,0,0,0,0,0,0,0,0,0,0,0,0,0,0,0,0,0,0
Congo,Congo,Africa,Central Africa,0,0,0,0,0,0,0,0,0,0,0,0,0,0,0,0,0,0,0,16500,0,0,0,20000,40000,0,0,5000,0,0
Cook Islands,New Zealand,Asia + Pacific,South Pacific,0,0,0,0,0,0,0,0,0,0,0,0,2000,0,0,0,0,0,0,0,0,0,700,0,0,0,744,0,0,0
Costa Rica,Costa Rica,Latin America + Caribbean,Meso America,0,70000,0,0,0,1350,0,0,5475,0,0,0,0,130000,0,300,171470,1200,35200,2000,3262,736000,0,15450,5372,200,1437,95000,2560,2056
Côte d'Ivoire,Côte d'Ivoire,Africa,Western Africa,0,0,0,0,0,0,0,0,0,0,0,0,0,0,7000,0,0,0,0,0,0,0,0,0,0,0,0,0,0,0
Croatia,Croatia,Europe,Central Europe,0,0,0,0,0,0,0,0,0,0,0,0,0,0,0,0,0,0,0,0,0,0,0,0,0,600,1200,0,0,0
Cuba,Cuba,Latin America + Caribbean,Caribbean,0,0,18000,100,0,0,0,105000,164536,0,479891,7500,0,150000,0,5000,0,14956,689680,106338,33340,280861,35000,747000,228067,675,5900000,358970,600,205745
Cyprus,Cyprus,Europe,Central Europe,0,0,0,0,0,0,0,0,0,0,0,0,0,0,0,0,0,0,0,0,1710,0,0,0,0,0,0,0,0,0
Czech Republic,Czech Republic,Europe,Central Europe,0,0,0,0,0,0,0,0,0,0,0,0,0,0,0,0,0,0,0,0,0,0,87725,0,0,0,0,200000,0,0
Democratic People's Republic of Korea,Democratic People's Republic of Korea,Asia + Pacific,North East Asia,0,0,0,0,0,0,0,0,0,0,0,0,20000,0,0,0,0,0,2500,0,5700000,3270000,0,10000,39136,480000,157500,45771,0,0
Democratic Republic of the Congo,Democratic Republic of the Congo,Africa,Central Africa,0,0,0,0,500000,0,0,0,0,300000,0,0,0,0,148,15000,0,0,0,0,0,0,26000,0,65000,0,13000,0,0,0
Denmark,Denmark,Europe,Western Europe,0,0,0,0,0,0,0,0,0,0,0,0,0,0,0,0,0,0,0,0,0,0,0,0,0,0,0,0,0,0
Djibouti,Djibouti,Africa,Eastern Africa,0,0,85000,100000,0,145000,102000,0,0,80000,0,0,0,30000,150000,0,0,0,20000,100000,775,100000,0,0,100000,150000,95000,0,0,98500
Dominica,Dominica,Latin America + Caribbean,Caribbean,0,0,0,0,70000,0,0,0,0,10000,0,0,0,0,0,0,0,0,0,0,3000,0,0,0,400,0,175,0,0,0
Dominican Republic,Dominican Republic,Latin America + Caribbean,Caribbean,0,0,0,0,1201000,0,150000,0,0,0,895,2000,0,1191150,0,0,0,0,20000,0,300,25000,0,855000,0,0,0,1750,59730,53271
Ecuador,Ecuador,Latin America + Caribbean,South America,0,20000,0,0,0,0,0,700000,200000,0,800,0,16000,0,30000,6500,0,125000,75000,0,200,15000,80907,1250,22000,150,32570,201250,32905,0
Egypt,Egypt,Africa,Northern Africa,0,0,0,0,81000,0,0,0,0,0,0,0,0,0,0,0,0,57700,300,110660,0,0,0,0,0,0,0,1250,0,0
El Salvador,El Salvador,Latin America + Caribbean,Meso America,0,0,0,0,0,0,0,80000,0,0,0,500000,0,39060,0,0,0,8000,0,0,1500,0,0,84000,5450,500,1996070,600,0,0
Equatorial Guinea,Equatorial Guinea,Africa,Central Africa,0,0,0,0,0,0,0,0,0,0,0,0,0,0,0,0,0,0,0,0,0,0,0,0,0,0,0,0,0,0
Eritrea,Eritrea,Africa,Eastern Africa,0,0,0,0,0,0,0,0,0,0,0,0,0,0,0,0,0,0,0,0,0,0,0,0,0,335000,738000,900000,2300000,8000
Estonia,Estonia,Europe,Central Europe,0,0,0,0,0,0,0,0,0,0,0,0,0,0,0,0,0,0,0,0,0,0,0,0,0,0,0,0,0,0
Ethiopia,Ethiopia,Africa,Eastern Africa,0,50000,316000,1401000,0,0,20000,0,7000000,7750000,8000,0,7330000,47240,3800000,6850000,6160000,500000,30000,43000,93875,90000,1051200,0,663100,10500000,1039500,16304000,13310000,0
Falkland Islands (Malvinas),United Kingdom of Great Britain and Northern Ireland,Latin America + Caribbean,South America,0,0,0,0,0,0,0,0,0,0,0,0,0,0,0,0,0,0,0,0,0,0,0,0,0,0,0,0,0,0
Faroe Islands,Denmark,Europe,Western Europe,0,0,0,0,0,0,0,0,0,0,0,0,0,0,0,0,0,0,0,0,0,0,0,0,0,0,0,0,0,0
Fiji,Fiji,Asia + Pacific,South Pacific,23000,0,0,0,20600,28000,4700,0,242132,0,122000,218000,3369,0,0,3000,0,2000,150000,0,0,0,3500,263455,0,0,0,0,30000,10600
Finland,Finland,Europe,Western Europe,0,0,0,0,0,0,0,0,0,0,0,0,0,0,0,0,0,0,0,0,0,0,0,0,0,0,0,0,0,0
France,France,Europe,Western Europe,0,0,25000,1000,0,300,0,0,3700,0,0,2000,0,300,0,0,0,2000,1700,410,3000,1380,11250,690,3504100,2300,17031,3730,30000,0
French Guiana,France,Latin America + Caribbean,South America,0,0,0,0,0,0,0,0,0,0,0,0,0,0,0,0,0,0,0,0,0,0,0,0,0,0,0,0,0,0
Gabon,Gabon,Africa,Central Africa,0,0,0,0,0,0,0,0,0,0,0,0,0,10000,0,0,0,0,0,0,0,0,0,0,0,0,0,0,0,0
Gambia,Gambia,Africa,Western Africa,0,0,0,0,0,500000,0,0,0,0,0,0,0,0,0,0,0,0,0,0,0,4000,0,0,27000,0,250,0,8000,6025
Georgia,Georgia,Europe,Eastern Europe,0,0,0,0,0,0,0,0,0,0,0,0,16000,0,0,0,92190,0,0,0,300,0,0,0,0,696000,523900,18000,0,0
Germany,Germany,Europe,Western Europe,0,0,0,0,0,0,0,0,0,0,0,0,0,3500,0,0,0,1500,100000,0,30000,0,15000,0,100000,0,0,330000,1000,0
Ghana,Ghana,Africa,Western Africa,0,0,0,0,0,0,0,0,0,0,1500,0,0,0,2800,0,0,0,0,0,500000,0,0,0,291573,0,139000,2200,0,0
Gibraltar,United Kingdom of Great Britain and Northern Ireland,Europe,Western Europe,0,0,0,0,0,0,0,0,0,0,0,0,0,0,0,0,0,0,0,0,0,0,0,0,0,0,0,0,0,0
Greece,Greece,Europe,Western Europe,0,0,1600,600000,0,0,80450,0,480,200,186,45000,0,0,0,0,0,0,2100,0,24500,1500,0,1200,100000,7200,1350,540,450,0
Greenland,Denmark,Polar,Arctic,0,0,0,0,0,0,0,0,0,0,0,0,0,0,0,0,0,0,0,0,0,0,0,0,0,0,0,0,0,0
Grenada,Grenada,Latin America + Caribbean,Caribbean,0,0,0,0,0,0,0,0,0,0,0,0,0,0,0,1000,0,0,0,0,0,0,0,0,210,0,0,0,0,60000
Guadeloupe,France,Latin America + Caribbean,Caribbean,0,75000,0,0,0,0,0,0,0,0,0,0,0,0,0,0,0,0,0,0,0,0,0,0,450,0,0,0,0,0
Guam,United States of America,Asia + Pacific,South Pacific,0,0,0,0,0,0,0,0,0,0,0,0,0,0,0,0,0,0,0,0,0,0,1400,0,0,0,0,10044,0,500
Guatemala,Guatemala,Latin America + Caribbean,Meso America,0,3750000,0,0,2000,0,0,20000,3500,3000,1500,2500,46000,43000,0,0,23800,5000,0,600,7100,743,0,106300,2488,3500,122031,100240,220,20000
Guernsey,United Kingdom of Great Britain and Northern Ireland,Europe,Western Europe,0,0,0,0,0,0,0,0,0,0,0,0,0,0,0,0,0,0,0,0,0,0,0,0,0,0,0,0,0,0
Guinea,Guinea,Africa,Western Africa,0,0,0,0,0,0,5000,0,20000,0,0,0,0,0,0,0,0,0,6066,0,0,0,0,0,0,0,220000,0,0,0
Guinea-Bissau,Guinea-Bissau,Africa,Western Africa,0,0,0,0,0,0,0,0,0,0,0,0,0,0,0,0,0,0,1722,0,0,0,0,1200,0,0,0,100000,0,0
Guyana,Guyana,Latin America + Caribbean,South America,0,0,0,0,0,0,0,0,0,0,0,0,0,0,0,0,0,0,0,0,0,28000,0,607200,0,0,0,0,0,0
Haiti,Haiti,Latin America + Caribbean,Caribbean,0,0,450000,0,1110,330000,103000,0,0,0,0,130000,8760,873700,24930,0,0,0,5000,1500000,0,0,0,12000,0,0,5070,38585,185000,334056
Holy See,Holy See,Europe,Western Europe,0,0,0,0,0,0,0,0,0,0,0,0,0,0,0,0,0,0,0,0,0,0,0,0,0,0,0,0,0,0
Honduras,Honduras,Latin America + Caribbean,Meso America,0,15000,0,0,40000,0,0,20500,0,0,0,30000,0,15200,0,42000,0,0,82447,0,25000,75000,0,2100000,500000,1125,852445,84545,3100,137500
Hungary,Hungary,Europe,Central Europe,0,0,0,0,0,0,0,0,0,0,0,0,0,0,0,0,0,0,0,0,0,0,0,0,131441,2000,10000,1430,0,384
Iceland,Iceland,Europe,Western Europe,0,0,0,0,0,0,0,0,0,0,0,0,0,280,0,0,0,0,0,0,63,0,0,0,0,129,0,0,0,0
India,India,Asia + Pacific,South Asia,27000000,600000,10092400,32002100,229611000,32051000,16131700,138800000,101791000,20335800,10982000,3345200,318380000,44221000,3700000,8000000,8178000,481810,129188000,12428500,32709000,9347100,30384000,34460200,41157700,130964000,24943000,342015000,7854900,12000000
Indonesia,Indonesia,Asia + Pacific,South East Asia,0,492000,296900,283820,115000,75181,354682,393400,433415,371950,15378,78000,72651,109070,93285,72910,263679,46330,271005,3533480,103015,84370,127805,1178310,30000,694797,25008,106925,338554,108433
Iran (Islamic Republic of),Iran (Islamic Republic of),Asia + Pacific,South Asia,0,0,420135,40000,20000,800100,30100,0,7005,0,7000,41900,3925,166500,151500,521000,101450,48200,488725,111510,6000,0,80000,70681,28120,37002500,26205200,345750,208550,2720
Iraq,Iraq,West Asia,Mashriq,0,0,0,0,0,0,0,0,0,0,0,0,0,0,0,0,0,0,0,0,0,0,0,0,0,0,0,0,0,8000
Ireland,Ireland,Europe,Western Europe,0,0,0,0,0,0,0,0,0,0,0,0,0,0,0,0,0,0,3500,0,0,0,0,0,0,0,0,300,0,0
Isle of Man,United Kingdom of Great Britain and Northern Ireland,Europe,Western Europe,0,0,0,0,0,0,0,0,0,0,0,0,0,0,0,0,0,0,0,0,0,0,0,0,0,0,0,0,0,0
Israel,Israel,Europe,Western Europe,0,0,0,0,0,0,0,0,0,0,0,0,0,0,0,0,0,240,0,0,200,0,0,1000,0,410,0,0,0,0
Italy,Italy,Europe,Western Europe,0,111472,1000,900,0,400000,300,10000,23000,5000,0,0,3000,0,0,0,7000,0,1000,7300,0,300,0,1000,0,46000,0,10000,1580,0
Jamaica,Jamaica,Latin America + Caribbean,Caribbean,0,0,0,0,200000,30000,0,0,0,0,0,40000,26000,810000,0,0,550000,0,4290,0,0,0,0,0,0,0,0,26500,0,350120
Japan,Japan,Asia + Pacific,North East Asia,123,325000,15000,17098,28000,15000,60000,31000,2579500,0,30000,177000,87599,0,0,87700,136000,40000,45487,0,269355,5400,67000,73130,44000,576090,20746,100792,22593,133802
Jersey,United Kingdom of Great Britain and Northern Ireland,Europe,Western Europe,0,0,0,0,0,0,0,0,0,0,0,0,0,0,0,0,0,0,0,0,0,0,0,0,0,0,0,0,0,0
Johnston Atoll,United States of America,Asia + Pacific,South Pacific,0,0,0,0,0,0,0,0,0,0,0,0,0,0,0,0,0,0,0,0,0,0,0,0,0,0,0,0,0,0
Jordan,Jordan,West Asia,Mashriq,0,0,0,0,0,0,0,0,0,0,0,0,0,0,0,0,18000,0,0,0,0,0,0,0,180000,150000,0,0,0,0
Kazakhstan,Kazakhstan,Europe,Central Asia,0,0,0,0,0,0,0,0,0,0,0,0,0,0,0,0,0,0,30000,0,0,0,608000,0,0,2500,3668,0,36000,0
Kenya,Kenya,Africa,Eastern Africa,16000,0,20000,0,0,40000,0,3000,0,600000,0,0,0,0,0,0,0,2700000,0,0,1200000,0,2500000,0,0,4212600,4400000,305000,64300,1017000
Kiribati,Kiribati,Asia + Pacific,South Pacific,0,0,0,0,0,0,0,0,0,0,0,0,0,0,0,0,0,0,0,0,0,0,0,0,84000,0,0,0,0,0
Kuwait,Kuwait,West Asia,Arabian Peninsula,0,0,0,0,0,0,0,0,0,0,0,0,0,0,0,0,0,0,0,0,0,0,200,0,0,0,0,0,0,0
Kyrgyzstan,Kyrgyzstan,Europe,Central Asia,0,0,0,0,0,0,0,0,0,0,0,0,0,0,0,0,0,104168,0,45000,0,0,1200,0,0,0,0,480,156,0
Lao People's Democratic Republic,Lao People's Democratic Republic,Asia + Pacific,South East Asia,0,0,3500000,459000,0,0,0,0,0,2000,0,0,0,730000,0,0,370315,268775,0,190000,591400,420000,0,0,20000,450000,453000,150000,0,0
Latvia,Latvia,Europe,Central Europe,0,0,0,0,0,0,0,0,0,0,0,0,0,0,0,0,0,0,0,0,0,0,0,0,0,0,0,0,0,0
Lebanon,Lebanon,West Asia,Mashriq,0,0,0,0,0,0,0,0,0,0,0,0,1500,0,0,0,0,100000,0,0,0,0,0,0,0,0,0,500,17000,0
Lesotho,Lesotho,Africa,Southern Africa,0,0,0,0,0,0,0,0,0,500000,80000,0,100000,0,0,0,0,170000,0,331500,0,230,0,0,0,0,1000,0,270000,0
Liberia,Liberia,Africa,Western Africa,0,0,0,0,0,0,0,200,0,0,0,0,0,0,0,1000000,0,0,0,0,0,0,0,5000,0,0,0,0,0,0
Libya,Libyan Arab Jamahiriya,Africa,Northern Africa,0,0,0,0,0,0,0,0,0,0,0,0,0,0,0,0,0,0,0,0,0,0,0,0,0,0,0,0,0,0
Liechtenstein,Liechtenstein,Europe,Western Europe,0,0,0,0,0,0,0,0,0,0,0,0,0,0,0,0,0,0,0,0,0,0,0,0,0,0,0,0,0,0
Lithuania,Lithuania,Europe,Central Europe,0,0,0,0,0,0,0,0,0,0,0,0,0,0,0,0,0,0,780000,0,0,0,0,0,0,0,0,0,0,0
Luxembourg,Luxembourg,Europe,Western Europe,0,0,0,0,0,0,0,0,0,0,0,0,0,0,0,0,0,0,0,0,0,0,0,0,0,0,0,0,0,0
Madagascar,Madagascar,Africa,Western Indian Ocean,10000,500000,30000,18000,0,0,1118000,0,13560,100000,0,112108,0,116500,55346,250000,125000,950000,0,500000,0,100000,520000,20000,0,1337500,0,521900,734429,773000
Malawi,Malawi,Africa,Southern Africa,0,0,0,0,20000,0,0,6000,0,0,0,0,0,0,137000,2800000,218000,5700000,7000000,3000000,0,0,400000,15000,2000,20000,508750,3225780,18500,0
Malaysia,Malaysia,Asia + Pacific,South East Asia,0,0,0,3000,0,0,0,0,15000,0,0,25000,2576,60000,0,0,0,0,20000,0,0,1568,0,7500,2000,8500,18788,155,18800,17038
Maldives,Maldives,Asia + Pacific,South Asia,0,0,0,0,0,0,0,0,0,0,0,0,300,0,0,0,0,0,0,0,0,0,0,0,0,0,0,0,0,0
Mali,Mali,Africa,Western Africa,0,0,0,0,0,0,0,1500000,0,0,0,0,0,0,14635,0,302000,0,0,0,0,0,0,1784,2000,0,3500,22519,0,0
Malta,Malta,Europe,Western Europe,0,0,0,0,0,0,0,0,0,0,0,0,0,0,0,0,0,0,0,0,0,0,0,0,0,0,0,0,0,0
Marshall Islands,Marshall Islands,Asia + Pacific,South Pacific,0,0,0,0,0,0,0,0,0,0,0,0,0,0,0,0,0,0,0,0,0,0,0,0,0,0,0,0,0,0
Martinique,France,Latin America + Caribbean,Caribbean,0,0,0,0,20000,0,0,0,0,0,0,0,0,0,0,1500,0,0,0,0,0,0,0,0,400,0,0,0,0,0
Mauritania,Mauritania,Africa,Western Africa,0,0,1420000,0,27000,0,0,0,1700000,1603000,6000,0,0,0,0,0,0,0,446507,0,408,0,21400,0,3800,0,17361,87500,420000,0
Mauritius,Mauritius,Africa,Western Indian Ocean,826199,0,0,0,100000,0,0,32500,350,0,0,0,0,0,4000,0,6000,0,0,800,0,0,0,0,0,0,0,0,0,0
Mayotte,France,Africa,Western Indian Ocean,0,0,0,0,0,0,0,0,0,0,0,0,0,0,0,0,0,0,0,0,0,0,0,0,0,0,0,0,0,0
Mexico,Mexico,Latin America + Caribbean,Meso America,0,475000,50000,10750,67500,106000,0,80000,250000,30000,2000000,0,3000,100000,0,17800,9800,0,282500,75700,75535,1000,772955,36218,737350,73300,5600,86300,237530,4050
Micronesia (Federated States of),Micronesia (Federated States of),Asia + Pacific,South Pacific,0,0,0,0,0,0,0,0,0,0,0,0,0,0,0,0,0,0,0,0,0,0,0,28800,0,0,0,1300,0,0
Midway Island,United States of America,Asia + Pacific,South Pacific,0,0,0,0,0,0,0,0,0,0,0,0,0,0,0,0,0,0,0,0,0,0,0,0,0,0,0,0,0,0
Monaco,Monaco,Europe,Western Europe,0,0,0,0,0,0,0,0,0,0,0,0,0,0,0,0,0,0,0,0,0,0,0,0,0,0,0,0,0,0
Mongolia,Mongolia,Asia + Pacific,North East Asia,0,0,0,0,0,0,0,0,0,0,0,0,0,0,0,0,0,0,100000,0,0,5000,0,0,0,1521000,179000,665000,1500,0
Montenegro,Montenegro,Europe,Central Europe,NULL,NULL,NULL,NULL,NULL,NULL,NULL,NULL,NULL,NULL,NULL,NULL,NULL,NULL,NULL,NULL,NULL,NULL,NULL,NULL,NULL,NULL,NULL,NULL,NULL,NULL,NULL,NULL,NULL,NULL
Montserrat,United Kingdom of Great Britain and Northern Ireland,Latin America + Caribbean,Caribbean,0,0,0,0,0,0,0,0,0,0,0,0,0,0,0,0,0,0,0,0,5000,4000,4000,0,0,0,0,0,0,0
Morocco,Morocco,Africa,Northern Africa,12000,0,0,0,5560,0,0,10000,0,0,0,0,0,0,0,0,0,0,0,0,38000,60000,0,0,275000,650,0,15000,10000,2000
Mozambique,Mozambique,Africa,Southern Africa,75000,0,400000,280000,0,6000000,4500000,0,4750000,2816000,500000,0,8000,4000,0,0,0,3300000,0,2000000,0,200000,400000,0,70000,1500350,849326,900000,713000,0
Myanmar,Myanmar,Asia + Pacific,South East Asia,0,0,3000,78000,40000,0,28588,36000,0,0,0,0,0,0,0,0,360136,4625,0,64970,119544,0,103650,0,0,0,0,50000,0,0
Namibia,Namibia,Africa,Southern Africa,0,0,0,0,0,0,0,0,0,0,0,0,0,0,0,0,0,250000,0,0,163200,0,0,0,25000,5000,0,345000,654539,25000
Nauru,Nauru,Asia + Pacific,South Pacific,0,0,0,0,0,0,0,0,0,0,0,0,0,0,0,0,0,0,0,0,0,0,0,0,0,0,0,0,0,0
Nepal,Nepal,Asia + Pacific,South Asia,75000,0,0,27000,0,3700000,10000,0,200000,0,60500,0,351000,300000,0,2500,615,0,553230,0,10515,137600,0,20000,18000,50000,21019,265760,43395,635000
Netherlands,Netherlands,Europe,Western Europe,0,0,0,0,0,0,0,0,0,0,0,0,0,0,0,0,0,0,12000,0,250000,0,60,2000,0,0,0,0,0,0
Netherlands Antilles,Netherlands,Latin America + Caribbean,Caribbean,0,0,0,0,0,0,0,0,0,0,0,0,0,0,0,0,0,0,0,0,40000,0,0,0,0,0,0,0,0,0
New Caledonia,France,Asia + Pacific,South Pacific,0,0,0,0,0,0,2000,0,0,0,0,0,0,0,0,0,0,0,0,0,0,0,0,0,0,0,0,0,0,0
New Zealand,New Zealand,Asia + Pacific,Australia + New Zealand,0,129,120,2726,600,2900,2250,0,140,6805,270,1830,7830,1958,154,0,248,0,0,157,70,2000,340,200,350,0,0,300,0,5350
Nicaragua,Nicaragua,Latin America + Caribbean,Meso America,0,8000,0,0,30000,40000,0,52000,0,0,0,0,0,300000,0,106411,0,305690,123000,80000,27085,10724,290000,868225,106195,9795,212511,26842,0,5951
Niger,Niger,Africa,Western Africa,0,0,0,0,0,0,0,0,0,3500000,0,0,0,1080000,0,0,0,0,0,0,0,0,8500,0,11606,4156,3604560,1250,30000,0
Nigeria,Nigeria,Africa,Western Africa,0,0,0,0,0,0,0,0,0,0,3006000,0,0,0,0,0,0,0,0,400000,0,0,0,0,80000,500,143000,0,210000,19000
Niue,New Zealand,Asia + Pacific,South Pacific,0,0,0,0,0,0,0,0,0,0,0,0,0,0,0,200,0,0,0,0,0,0,0,0,0,0,0,0,0,200
Norfolk Island,Australia,Asia + Pacific,South Pacific,0,0,0,0,0,0,0,0,0,0,0,0,0,0,0,0,0,0,0,0,0,0,0,0,0,0,0,0,0,0
Northern Mariana Islands,United States of America,Asia + Pacific,South Pacific,0,0,0,0,0,0,0,0,0,0,0,0,0,0,0,0,0,0,0,0,0,0,0,0,0,0,0,0,0,0
Norway,Norway,Europe,Western Europe,0,0,0,0,0,0,0,0,0,0,0,0,0,0,0,0,0,0,0,0,4000,0,0,0,0,600,1500,0,0,0
Oman,Oman,West Asia,Arabian Peninsula,0,0,5000,0,0,0,0,0,0,0,0,0,0,0,0,0,0,0,0,0,0,0,0,0,0,0,0,50,0,0
Pakistan,Pakistan,Asia + Pacific,South Asia,0,5566000,777000,2236000,3200,86200,225,10000,64300,0,12000,750,0,0,142400,0,175005,10858500,261495,840000,1255000,1186130,836328,200000,657000,2200000,400000,187042,1319770,10765
Palau,Palau,Asia + Pacific,South Pacific,0,0,0,0,0,0,0,0,0,0,0,0,0,0,0,0,0,0,0,0,0,0,0,0,0,0,0,0,0,0
Panama,Panama,Latin America + Caribbean,Meso America,0,0,0,2000,0,0,0,0,81000,1000,0,3500,0,6732,0,0,30500,0,0,0,0,0,0,7500,500,0,0,25000,2000,11650
Papua New Guinea,Papua New Guinea,Asia + Pacific,South Pacific,0,0,0,0,0,0,40000,0,38000,0,0,1000,4000,1000,0,0,0,90000,49000,106000,0,1800,708000,15199,0,0,0,17563,600,10000
Paraguay,Paraguay,Latin America + Caribbean,South America,0,0,0,0,120000,0,0,85000,100000,0,0,0,0,30000,0,15000,0,65575,0,0,275000,0,75000,0,100000,15000,0,42765,0,0
Peru,Peru,Latin America + Caribbean,South America,0,0,640,17000,0,39000,12156,80000,1322700,0,0,208000,27500,5000,0,2274000,46500,1130000,219120,89000,0,55355,611000,2600,247000,0,278800,119036,1901390,344967
Philippines,Philippines,Asia + Pacific,South East Asia,4617,2906830,209721,1867330,539930,1352810,1397420,891025,344202,3280820,1609280,1236560,2911030,3200950,2283090,7545280,8282950,3219450,3708660,2754640,3258100,37615,366765,5522230,2137600,884356,2300120,934851,293531,1464040
Pitcairn,United Kingdom of Great Britain and Northern Ireland,Asia + Pacific,South Pacific,0,0,0,0,0,0,0,0,0,0,0,0,0,0,0,0,0,0,0,0,0,0,0,0,0,0,0,0,0,0
Poland,Poland,Europe,Central Europe,0,0,1000,0,0,4500,0,16050,900,0,0,0,0,0,0,0,0,0,0,0,0,0,162500,1000,0,0,15000,0,0,600
Portugal,Portugal,Europe,Western Europe,0,0,0,0,35000,21300,900,0,2000,0,0,0,0,0,0,0,0,0,0,0,0,1110,0,0,0,0,0,0,150036,0
Puerto Rico,United States of America,Latin America + Caribbean,Caribbean,0,0,0,0,4500,0,0,0,0,0,0,0,0,0,2000,0,0,0,0,0,98000,7864,0,0,0,0,9300,0,2405,3500
Qatar,Qatar,West Asia,Arabian Peninsula,0,0,0,0,0,0,0,0,0,0,0,0,0,0,0,0,0,0,0,0,0,0,0,0,0,0,0,0,0,0
Republic of Korea,Republic of Korea,Asia + Pacific,North East Asia,0,0,75000,6000,35000,20000,14253,5000,0,354984,0,6623,56000,0,75145,189233,20750,530,1790,0,2400,31865,0,180000,24408,1000,310000,133955,65000,6691
Republic of Moldova,Moldova,Europe,Eastern Europe,0,0,0,0,0,0,0,0,0,0,0,225000,0,0,0,0,0,0,0,25000,0,0,2148,0,960,2600000,0,500,0,0
Réunion,France,Africa,Western Indian Ocean,0,0,1000,0,0,7000,0,0,0,0,0,0,4000,0,6200,0,0,0,0,0,0,0,0,0,0,0,0,0,0,0
Romania,Romania,Europe,Central Europe,1000000,0,200000,0,0,0,0,0,0,2000,0,0,0,0,0,0,8845,0,0,0,0,0,0,13700,8418,63000,14800,4800,0,17128
Russian Federation,Russian Federation,Europe,Eastern Europe,0,0,0,0,0,0,10000,0,1000,0,0,0,0,0,8000,0,40000,1750,14500,796266,1325,500,0,166100,731000,59001,393305,359813,1000600,11438
Rwanda,Rwanda,Africa,Eastern Africa,0,0,1700000,0,0,0,0,0,0,420000,0,0,0,21628,0,0,0,0,0,0,0,0,0,0,894545,270000,25000,21535,35000,0
Saint Helena,United Kingdom of Great Britain and Northern Ireland,Africa,Southern Africa,0,0,0,0,0,0,0,0,0,0,0,0,0,0,0,0,0,0,0,0,0,0,0,0,0,0,300,0,0,0
Saint Kitts and Nevis,Saint Kitts and Nevis,Latin America + Caribbean,Caribbean,0,0,0,0,0,0,0,0,0,0,0,0,0,0,0,0,0,0,0,0,1800,0,0,10000,1080,0,0,0,0,0
Saint Lucia,Saint Lucia,Latin America + Caribbean,Caribbean,0,0,0,0,0,70000,0,0,3000,0,0,0,0,0,0,0,0,0,0,600,0,175,0,0,0,0,0,0,0,0
Saint Pierre and Miquelon,France,North America,North America,0,0,0,0,0,0,0,0,0,0,0,0,0,0,0,0,0,0,0,0,0,0,0,0,0,0,0,0,0,0
Saint Vincent and the Grenadines,Saint Vincent and the Grenadines,Latin America + Caribbean,Caribbean,0,0,0,0,20000,20000,0,0,0,0,0,142,1000,0,0,0,0,200,0,0,0,0,0,0,100,0,0,0,0,1000
Samoa,Samoa,Asia + Pacific,South Pacific,0,0,0,0,0,0,0,0,2000,0,0,0,0,0,0,170000,85000,0,0,0,0,0,0,0,0,0,0,0,0,0
San Marino,San Marino,Europe,Western Europe,0,0,0,0,0,0,0,0,0,0,0,0,0,0,0,0,0,0,0,0,0,0,0,0,0,0,0,0,0,0
Sao Tome and Principe,Sao Tome and Principe,Africa,Central Africa,0,0,0,0,0,0,0,0,93000,0,0,0,0,0,0,0,0,0,0,0,0,0,0,0,0,0,0,0,0,0
Saudi Arabia,Saudi Arabia,West Asia,Arabian Peninsula,0,0,0,0,0,0,0,0,0,0,0,0,0,0,0,0,0,0,0,0,0,0,0,0,0,0,0,0,13000,400
Senegal,Senegal,Africa,Western Africa,0,0,0,3715000,0,950000,0,0,1205000,0,3000,0,0,0,0,0,0,0,5000,0,0,0,0,300000,65853,0,0,463000,1277,0
Serbia,Serbia,Europe,Central Europe,NULL,NULL,NULL,NULL,NULL,NULL,NULL,NULL,NULL,NULL,NULL,NULL,NULL,NULL,NULL,NULL,NULL,NULL,NULL,NULL,NULL,NULL,NULL,NULL,NULL,NULL,NULL,NULL,NULL,NULL
Seychelles,Seychelles,Africa,Western Indian Ocean,0,0,0,0,0,0,0,0,0,0,0,0,0,0,0,0,0,0,0,0,0,0,1125,0,0,0,0,6800,0,0
Sierra Leone,Sierra Leone,Africa,Western Africa,10000,0,0,0,0,0,0,0,0,0,0,0,0,0,0,0,0,0,0,0,0,200000,0,0,0,0,0,0,0,0
Singapore,Singapore,Asia + Pacific,South East Asia,0,0,0,0,0,0,0,0,0,0,0,0,0,0,0,0,0,0,0,0,0,0,0,0,0,0,0,0,0,0
Slovakia,Slovakia,Europe,Central Europe,0,0,0,0,0,0,0,0,0,0,0,0,0,0,0,0,0,0,0,0,0,0,0,10850,35207,0,0,0,0,230
Slovenia,Slovenia,Europe,Central Europe,0,0,0,0,0,0,0,0,0,0,0,0,0,0,0,0,0,0,0,0,0,0,0,0,0,0,0,0,0,0
Solomon Islands,Solomon Islands,Asia + Pacific,South Pacific,0,0,1000,0,6000,0,0,30000,0,0,650,90000,0,0,0,0,0,0,88500,0,0,0,0,380,0,0,0,0,275,0
Somalia,Somalia,Africa,Eastern Africa,0,0,40000,0,0,0,30000,0,0,0,0,0,500000,53500,50000,0,0,0,0,0,8500,0,1002000,0,0,803500,1606500,0,300,200000
South Africa,South Africa,Africa,Southern Africa,0,0,1000,0,0,0,0,0,0,500000,0,0,65285,0,0,0,0,0,0,11000,305000,7000,300,0,13000,4000,42656,101150,500,15000000
South Sudan,South Sudan,Africa,Eastern Africa,NULL,NULL,NULL,NULL,NULL,NULL,NULL,NULL,NULL,NULL,NULL,NULL,NULL,NULL,NULL,NULL,NULL,NULL,NULL,NULL,NULL,NULL,NULL,NULL,NULL,NULL,NULL,NULL,NULL,NULL
Spain,Spain,Europe,Western Europe,0,0,0,0,0,0,0,225000,501600,60000,300,0,2000,0,0,0,0,0,0,16500,6000000,4000,750,600,0,650,300,400,200,1600
Sri Lanka,Sri Lanka,Asia + Pacific,South Asia,0,0,250000,1002000,0,0,20000,2130000,2800000,185000,8000,64485,2200000,0,1106000,440000,100000,394810,290130,0,100000,0,0,135000,154485,839000,1000000,1057000,695000,0
State of Palestine,State of Palestine,West Asia,Mashriq,0,0,0,0,0,0,0,0,0,0,0,0,0,0,0,0,0,0,0,0,0,0,0,0,0,0,0,0,0,0
Sudan,Sudan,Africa,Northern Africa,145000,0,0,100000,0,0,0,0,1142000,8400000,0,0,3450000,1500000,0,610000,8600000,550000,0,5965,0,206000,100000,900000,1920740,700000,2097000,100000,325000,0
Suriname,Suriname,Latin America + Caribbean,South America,0,0,0,0,0,0,0,0,0,0,0,0,0,0,0,0,0,0,0,0,0,0,0,0,0,0,0,0,0,0
Svalbard and Jan Mayen Islands,Norway,Europe,Western Europe,0,0,0,0,0,0,0,0,0,0,0,0,0,0,0,0,0,0,0,0,0,0,0,0,0,0,0,0,0,0
Swaziland,Swaziland,Africa,Southern Africa,0,0,0,0,0,0,0,0,0,632000,0,0,0,0,0,35000,0,250000,150000,45000,45000,0,0,0,0,272000,0,0,0,347000
Sweden,Sweden,Europe,Western Europe,0,0,0,0,0,0,0,0,0,0,0,0,0,0,0,0,0,0,0,0,0,0,0,0,0,0,0,0,0,0
Switzerland,Switzerland,Europe,Western Europe,0,0,0,0,0,0,0,0,140,0,0,0,0,2000,0,0,0,0,0,0,0,0,0,0,0,1500,0,281,0,0
Syrian Arab Republic,Syrian Arab Republic,West Asia,Mashriq,0,0,0,0,0,0,0,0,0,0,0,0,0,0,0,0,0,0,0,0,0,0,0,0,329000,329000,0,0,0,0
Taiwan Province of China,China,Asia + Pacific,North East Asia,NULL,NULL,NULL,NULL,NULL,NULL,NULL,NULL,NULL,NULL,NULL,NULL,NULL,NULL,NULL,NULL,NULL,NULL,NULL,NULL,NULL,NULL,NULL,NULL,NULL,NULL,NULL,NULL,NULL,NULL
Tajikistan,Tajikistan,Europe,Central Asia,0,0,0,0,0,0,0,0,0,0,8000,0,500,0,12000,0,5000,63500,15000,5000,0,180000,0,43935,6366,3006000,70520,2748,7156,5180
Thailand,Thailand,Asia + Pacific,South East Asia,3000000,0,0,2028000,0,631817,43000,0,1000000,786140,7640,27780,0,1112940,154000,0,4373280,359326,1072620,124113,4224000,5343390,50000,0,6283560,3351950,465660,8317860,112700,511000
The former Yugoslav Republic of Macedonia,The former Yugoslav Republic of Macedonia,Europe,Central Europe,0,0,0,0,0,0,0,0,0,0,0,0,0,0,0,0,0,0,0,0,1500,0,0,0,0,0,0,1500,4750,100000
Timor-Leste,Timor-Leste,Asia + Pacific,South East Asia,NULL,NULL,NULL,NULL,NULL,NULL,NULL,NULL,NULL,NULL,NULL,NULL,NULL,NULL,NULL,NULL,NULL,NULL,NULL,NULL,NULL,NULL,NULL,NULL,NULL,NULL,NULL,NULL,NULL,NULL
Togo,Togo,Africa,Western Africa,0,0,0,0,0,0,0,0,0,0,0,0,0,0,400000,0,0,0,0,10000,50000,0,0,30405,65000,0,0,0,0,0
Tokelau,New Zealand,Asia + Pacific,South Pacific,0,0,0,0,0,0,0,0,0,0,0,0,1700,0,0,0,0,0,0,0,0,0,0,0,0,0,0,0,0,0
Tonga,Tonga,Asia + Pacific,South Pacific,0,0,15000,0,0,0,0,100000,0,0,0,0,0,0,0,2600,0,0,0,0,0,0,0,3571,0,0,16500,0,0,0
Trinidad and Tobago,Trinidad and Tobago,Latin America + Caribbean,Caribbean,0,0,0,0,0,0,0,0,0,0,0,0,0,0,0,1000,0,0,0,0,0,200,0,0,0,0,0,0,0,560
Tunisia,Tunisia,Africa,Northern Africa,0,0,31400,0,750,0,0,30000,0,0,0,0,0,0,0,48000,0,0,0,0,0,0,0,0,0,0,0,0,27000,0
Turkey,Turkey,Europe,Central Europe,50000,150000,0,0,0,60000,0,0,800000,750200,665,20750,0,1305,0,4500,16,1000,0,8000,21200,500,0,47125,865000,24500,3485,10000,13115,37835
Turkmenistan,Turkmenistan,Europe,Central Asia,0,0,0,0,0,0,0,0,0,0,0,0,0,0,0,0,0,0,300,0,0,0,0,0,0,0,0,0,0,0
Turks and Caicos Islands,United Kingdom of Great Britain and Northern Ireland,Latin America + Caribbean,Caribbean,0,0,0,0,0,0,0,0,0,0,770,0,0,0,0,0,0,0,0,0,0,0,0,0,0,0,0,0,0,200
Tuvalu,Tuvalu,Asia + Pacific,South Pacific,0,0,0,0,0,0,0,0,0,0,0,0,0,0,0,300,0,0,0,0,0,0,0,0,0,0,0,0,0,0
Uganda,Uganda,Africa,Eastern Africa,0,0,0,0,0,500000,0,0,0,0,0,0,331000,602000,0,0,0,0,0,50000,0,0,150000,139000,700000,190000,3856,587086,700,0
Ukraine,Ukraine,Europe,Eastern Europe,0,0,0,0,0,0,0,0,0,0,10000,0,0,0,0,0,0,1000,408000,0,1700000,0,0,0,0,47400,300000,0,600,0
United Arab Emirates,United Arab Emirates,West Asia,Arabian Peninsula,0,0,0,0,0,0,0,0,0,0,0,0,0,0,0,0,0,0,0,0,0,0,0,0,0,0,0,0,0,0
United Kingdom of Great Britain and Northern Ireland,United Kingdom of Great Britain and Northern Ireland,Europe,Western Europe,0,0,0,0,0,0,0,0,0,0,0,0,0,0,0,200000,0,0,600,700,0,12000,0,253000,530,21140,150,750,0,120
United Republic of Tanzania,United Republic of Tanzania,Africa,Southern Africa,0,0,20000,9000,90000,0,0,40000,0,1900000,0,0,0,116500,141056,142000,0,800000,201513,0,1850,3000000,608028,3000000,0,1300750,0,0,1902000,0
United States of America,United States of America,North America,North America,200,0,2700,0,14000,111000,0,36000,1500,14000,1005550,2150,5400,0,300,120,2900,30450,199300,386131,207090,677500,315560,230671,3051750,85814,101018,167400,231095,5099310
United States Virgin Islands,United States of America,Latin America + Caribbean,Caribbean,0,0,0,0,0,0,0,0,0,0,0,0,0,0,0,0,0,0,0,0,0,0,0,0,0,0,0,0,0,0
Uruguay,Uruguay,Latin America + Caribbean,South America,0,0,0,0,0,0,0,0,0,0,0,16000,0,0,0,0,1500,4700,2000,0,0,0,0,9300,0,5400,5000,1300,200,2000
Uzbekistan,Uzbekistan,Europe,Central Asia,0,0,0,0,0,0,0,0,0,0,0,0,0,0,0,0,0,50000,0,0,0,0,0,0,0,500000,600000,0,0,0
Vanuatu,Vanuatu,Asia + Pacific,South Pacific,0,0,0,0,0,0,0,0,0,0,117500,0,48000,3100,0,0,0,1150,5000,0,0,0,0,2400,12000,0,5505,4000,0,54000
Venezuela (Bolivarian Republic of),Venezuela Bolivarian Republic of,Latin America + Caribbean,South America,0,0,0,0,0,150,4000,0,0,0,15000,150,15000,5480,0,0,0,0,0,0,0,35000,0,0,417547,27000,0,55376,450,1645
Viet Nam,Viet Nam,Asia + Pacific,South East Asia,0,0,1000,4000000,0,15615000,0,1300000,580000,688416,3025000,2500000,584800,1320000,5635000,510000,297978,178234,26520,393000,423000,4616500,3697220,3812660,7039150,5042500,1792900,2516500,402880,900
Wake Island,United States of America,Asia + Pacific,South Pacific,0,0,0,0,0,0,0,0,0,0,0,0,0,0,0,0,0,0,0,0,0,0,0,0,0,0,0,0,0,0
Wallis and Futuna,France,Asia + Pacific,South Pacific,0,0,0,0,0,0,0,0,0,0,0,4500,0,0,0,0,0,0,0,0,0,0,0,0,0,0,0,0,0,0
Western Sahara,Western Sahara,Africa,Northern Africa,0,0,0,0,0,0,0,0,0,0,0,0,0,0,0,0,0,0,0,0,0,0,0,0,0,0,0,0,0,0
Yemen,Yemen,West Asia,Arabian Peninsula,50000,0,0,0,0,0,15000,700000,0,0,0,0,0,0,260000,0,0,0,9000,0,0,124000,0,3000,12250,0,0,260,0,0
Zambia,Zambia,Africa,Southern Africa,0,0,0,30000,0,0,0,0,0,0,0,0,0,0,800000,0,0,1700000,0,0,1273200,0,0,1300000,0,12000,1448530,3162000,0,196385
Zimbabwe,Zimbabwe,Africa,Southern Africa,0,0,0,0,0,0,0,700000,0,0,0,0,0,0,0,0,0,4600000,5000000,5000000,5000000,0,0,55000,0,200000,730000,6000000,18000,0
