Country Name,Sovereign,GEO Region,GEO Subregion,ghg_1990,ghg_91,ghg_92,ghg_93,ghg_94,ghg_95,ghg_96,ghg_97,ghg_98,ghg_99,ghg_00,ghg_01,ghg_02,ghg_03,ghg_04,ghg_05,ghg_06,ghg_07,ghg_08,ghg_09,ghg_10,ghg_11,ghg_12
Afghanistan,Afghanistan,Asia + Pacific,South Asia,NULL,NULL,NULL,NULL,NULL,NULL,NULL,NULL,NULL,NULL,NULL,NULL,NULL,NULL,NULL,NULL,NULL,NULL,NULL,NULL,NULL,NULL,NULL
Albania,Albania,Europe,Central Europe,NULL,NULL,NULL,NULL,NULL,NULL,NULL,NULL,NULL,NULL,NULL,NULL,NULL,NULL,NULL,NULL,NULL,NULL,NULL,NULL,NULL,NULL,NULL
Algeria,Algeria,Africa,Northern Africa,NULL,NULL,NULL,NULL,NULL,NULL,NULL,NULL,NULL,NULL,NULL,NULL,NULL,NULL,NULL,NULL,NULL,NULL,NULL,NULL,NULL,NULL,NULL
American Samoa,United States of America,Asia + Pacific,South Pacific,NULL,NULL,NULL,NULL,NULL,NULL,NULL,NULL,NULL,NULL,NULL,NULL,NULL,NULL,NULL,NULL,NULL,NULL,NULL,NULL,NULL,NULL,NULL
Andorra,Andorra,Europe,Western Europe,NULL,NULL,NULL,NULL,NULL,NULL,NULL,NULL,NULL,NULL,NULL,NULL,NULL,NULL,NULL,NULL,NULL,NULL,NULL,NULL,NULL,NULL,NULL
Angola,Angola,Africa,Southern Africa,NULL,NULL,NULL,NULL,NULL,NULL,NULL,NULL,NULL,NULL,NULL,NULL,NULL,NULL,NULL,NULL,NULL,NULL,NULL,NULL,NULL,NULL,NULL
Anguilla,United Kingdom of Great Britain and Northern Ireland,Latin America + Caribbean,Caribbean,NULL,NULL,NULL,NULL,NULL,NULL,NULL,NULL,NULL,NULL,NULL,NULL,NULL,NULL,NULL,NULL,NULL,NULL,NULL,NULL,NULL,NULL,NULL
Antarctica,Antarctic,Polar,Antarctic,NULL,NULL,NULL,NULL,NULL,NULL,NULL,NULL,NULL,NULL,NULL,NULL,NULL,NULL,NULL,NULL,NULL,NULL,NULL,NULL,NULL,NULL,NULL
Antigua and Barbuda,Antigua and Barbuda,Latin America + Caribbean,Caribbean,NULL,NULL,NULL,NULL,NULL,NULL,NULL,NULL,NULL,NULL,NULL,NULL,NULL,NULL,NULL,NULL,NULL,NULL,NULL,NULL,NULL,NULL,NULL
Argentina,Argentina,Latin America + Caribbean,South America,NULL,NULL,NULL,NULL,NULL,NULL,NULL,NULL,NULL,NULL,NULL,NULL,NULL,NULL,NULL,NULL,NULL,NULL,NULL,NULL,NULL,NULL,NULL
Armenia,Armenia,Europe,Eastern Europe,NULL,NULL,NULL,NULL,NULL,NULL,NULL,NULL,NULL,NULL,NULL,NULL,NULL,NULL,NULL,NULL,NULL,NULL,NULL,NULL,NULL,NULL,NULL
Aruba,Netherlands,Latin America + Caribbean,Caribbean,NULL,NULL,NULL,NULL,NULL,NULL,NULL,NULL,NULL,NULL,NULL,NULL,NULL,NULL,NULL,NULL,NULL,NULL,NULL,NULL,NULL,NULL,NULL
Australia,Australia,Asia + Pacific,Australia + New Zealand,414974,416478,420764,422801,423232,436864,443213,455693,470580,479617,489813,502347,503585,506235,519037,523479,529885,537931,544574,541178,540211,541543,543648
Austria,Austria,Europe,Western Europe,78086.4,82135.1,75410.8,75484.1,76345.5,79743.6,82754.8,82277.8,81653,79966.3,80277,84274.7,85975.6,91984.6,91569.4,92580.9,89710.8,86967.4,86882,80148,84807.9,82760.8,80059.4
Azerbaijan,Azerbaijan,Europe,Eastern Europe,NULL,NULL,NULL,NULL,NULL,NULL,NULL,NULL,NULL,NULL,NULL,NULL,NULL,NULL,NULL,NULL,NULL,NULL,NULL,NULL,NULL,NULL,NULL
Bahamas,Bahamas,Latin America + Caribbean,Caribbean,NULL,NULL,NULL,NULL,NULL,NULL,NULL,NULL,NULL,NULL,NULL,NULL,NULL,NULL,NULL,NULL,NULL,NULL,NULL,NULL,NULL,NULL,NULL
Bahrain,Bahrain,West Asia,Arabian Peninsula,NULL,NULL,NULL,NULL,NULL,NULL,NULL,NULL,NULL,NULL,NULL,NULL,NULL,NULL,NULL,NULL,NULL,NULL,NULL,NULL,NULL,NULL,NULL
Bangladesh,Bangladesh,Asia + Pacific,South Asia,NULL,NULL,NULL,NULL,NULL,NULL,NULL,NULL,NULL,NULL,NULL,NULL,NULL,NULL,NULL,NULL,NULL,NULL,NULL,NULL,NULL,NULL,NULL
Barbados,Barbados,Latin America + Caribbean,Caribbean,NULL,NULL,NULL,NULL,NULL,NULL,NULL,NULL,NULL,NULL,NULL,NULL,NULL,NULL,NULL,NULL,NULL,NULL,NULL,NULL,NULL,NULL,NULL
Belarus,Belarus,Europe,Eastern Europe,139151,131723,121981,107606,91729.9,82839.7,84907.9,86730.1,84949.8,81476.1,79165.1,77216.6,76787.9,78561.6,82895.9,84173.7,88044,87311.7,90599.1,87859.6,89425.9,87499.6,89283.3
Belgium,Belgium,Europe,Western Europe,142952,144951,143695,142766,148485,150327,154308,145680,151212,144947,145857,145183,144718,145317,146398,142070,138342,133441,135823,123209,130611,120146,116520
Belize,Belize,Latin America + Caribbean,Meso America,NULL,NULL,NULL,NULL,NULL,NULL,NULL,NULL,NULL,NULL,NULL,NULL,NULL,NULL,NULL,NULL,NULL,NULL,NULL,NULL,NULL,NULL,NULL
Benin,Benin,Africa,Western Africa,NULL,NULL,NULL,NULL,NULL,NULL,NULL,NULL,NULL,NULL,NULL,NULL,NULL,NULL,NULL,NULL,NULL,NULL,NULL,NULL,NULL,NULL,NULL
Bermuda,United Kingdom of Great Britain and Northern Ireland,Latin America + Caribbean,Caribbean,NULL,NULL,NULL,NULL,NULL,NULL,NULL,NULL,NULL,NULL,NULL,NULL,NULL,NULL,NULL,NULL,NULL,NULL,NULL,NULL,NULL,NULL,NULL
Bhutan,Bhutan,Asia + Pacific,South Asia,NULL,NULL,NULL,NULL,NULL,NULL,NULL,NULL,NULL,NULL,NULL,NULL,NULL,NULL,NULL,NULL,NULL,NULL,NULL,NULL,NULL,NULL,NULL
Bolivia (Plurinational State of),Bolivia,Latin America + Caribbean,South America,NULL,NULL,NULL,NULL,NULL,NULL,NULL,NULL,NULL,NULL,NULL,NULL,NULL,NULL,NULL,NULL,NULL,NULL,NULL,NULL,NULL,NULL,NULL
Bosnia and Herzegovina,Bosnia and Herzegovina,Europe,Central Europe,NULL,NULL,NULL,NULL,NULL,NULL,NULL,NULL,NULL,NULL,NULL,NULL,NULL,NULL,NULL,NULL,NULL,NULL,NULL,NULL,NULL,NULL,NULL
Botswana,Botswana,Africa,Southern Africa,NULL,NULL,NULL,NULL,NULL,NULL,NULL,NULL,NULL,NULL,NULL,NULL,NULL,NULL,NULL,NULL,NULL,NULL,NULL,NULL,NULL,NULL,NULL
Brazil,Brazil,Latin America + Caribbean,South America,NULL,NULL,NULL,NULL,NULL,NULL,NULL,NULL,NULL,NULL,NULL,NULL,NULL,NULL,NULL,NULL,NULL,NULL,NULL,NULL,NULL,NULL,NULL
British Virgin Islands,United Kingdom of Great Britain and Northern Ireland,Latin America + Caribbean,Caribbean,NULL,NULL,NULL,NULL,NULL,NULL,NULL,NULL,NULL,NULL,NULL,NULL,NULL,NULL,NULL,NULL,NULL,NULL,NULL,NULL,NULL,NULL,NULL
Brunei Darussalam,Brunei Darussalam,Asia + Pacific,South East Asia,NULL,NULL,NULL,NULL,NULL,NULL,NULL,NULL,NULL,NULL,NULL,NULL,NULL,NULL,NULL,NULL,NULL,NULL,NULL,NULL,NULL,NULL,NULL
Bulgaria,Bulgaria,Europe,Central Europe,109139,86325.9,80125.7,78452.1,74873.4,75705.1,75576.8,71979,67071.5,60264,59470.9,62642.8,59648.9,64389.6,63592.2,63711.7,64504.7,68422.7,66842.7,57725.3,60272,65995.8,61045.6
Burkina Faso,Burkina Faso,Africa,Western Africa,NULL,NULL,NULL,NULL,NULL,NULL,NULL,NULL,NULL,NULL,NULL,NULL,NULL,NULL,NULL,NULL,NULL,NULL,NULL,NULL,NULL,NULL,NULL
Burundi,Burundi,Africa,Eastern Africa,NULL,NULL,NULL,NULL,NULL,NULL,NULL,NULL,NULL,NULL,NULL,NULL,NULL,NULL,NULL,NULL,NULL,NULL,NULL,NULL,NULL,NULL,NULL
Cabo Verde,Cabo Verde,Africa,Western Africa,NULL,NULL,NULL,NULL,NULL,NULL,NULL,NULL,NULL,NULL,NULL,NULL,NULL,NULL,NULL,NULL,NULL,NULL,NULL,NULL,NULL,NULL,NULL
Cambodia,Cambodia,Asia + Pacific,South East Asia,NULL,NULL,NULL,NULL,NULL,NULL,NULL,NULL,NULL,NULL,NULL,NULL,NULL,NULL,NULL,NULL,NULL,NULL,NULL,NULL,NULL,NULL,NULL
Cameroon,Cameroon,Africa,Central Africa,NULL,NULL,NULL,NULL,NULL,NULL,NULL,NULL,NULL,NULL,NULL,NULL,NULL,NULL,NULL,NULL,NULL,NULL,NULL,NULL,NULL,NULL,NULL
Canada,Canada,North America,North America,590908,583212,600162,602008,622358,639072,661055,675982,683279,696158,721363,713950,719623,740179,743568,735829,727850,749289,731081,689313,699302,701212,698627
Cayman Islands,United Kingdom of Great Britain and Northern Ireland,Latin America + Caribbean,Caribbean,NULL,NULL,NULL,NULL,NULL,NULL,NULL,NULL,NULL,NULL,NULL,NULL,NULL,NULL,NULL,NULL,NULL,NULL,NULL,NULL,NULL,NULL,NULL
Central African Republic,Central African Republic,Africa,Central Africa,NULL,NULL,NULL,NULL,NULL,NULL,NULL,NULL,NULL,NULL,NULL,NULL,NULL,NULL,NULL,NULL,NULL,NULL,NULL,NULL,NULL,NULL,NULL
Chad,Chad,Africa,Central Africa,NULL,NULL,NULL,NULL,NULL,NULL,NULL,NULL,NULL,NULL,NULL,NULL,NULL,NULL,NULL,NULL,NULL,NULL,NULL,NULL,NULL,NULL,NULL
Chile,Chile,Latin America + Caribbean,South America,NULL,NULL,NULL,NULL,NULL,NULL,NULL,NULL,NULL,NULL,NULL,NULL,NULL,NULL,NULL,NULL,NULL,NULL,NULL,NULL,NULL,NULL,NULL
China,China,Asia + Pacific,North East Asia,NULL,NULL,NULL,NULL,NULL,NULL,NULL,NULL,NULL,NULL,NULL,NULL,NULL,NULL,NULL,NULL,NULL,NULL,NULL,NULL,NULL,NULL,NULL
China Hong Kong Special Administrative Region,China,Asia + Pacific,North East Asia,NULL,NULL,NULL,NULL,NULL,NULL,NULL,NULL,NULL,NULL,NULL,NULL,NULL,NULL,NULL,NULL,NULL,NULL,NULL,NULL,NULL,NULL,NULL
China Macao Special Administrative Region,China,Asia + Pacific,North East Asia,NULL,NULL,NULL,NULL,NULL,NULL,NULL,NULL,NULL,NULL,NULL,NULL,NULL,NULL,NULL,NULL,NULL,NULL,NULL,NULL,NULL,NULL,NULL
Christmas Island,Australia,Asia + Pacific,South East Asia,NULL,NULL,NULL,NULL,NULL,NULL,NULL,NULL,NULL,NULL,NULL,NULL,NULL,NULL,NULL,NULL,NULL,NULL,NULL,NULL,NULL,NULL,NULL
Cocos (Keeling) Islands,Australia,Asia + Pacific,South Pacific,NULL,NULL,NULL,NULL,NULL,NULL,NULL,NULL,NULL,NULL,NULL,NULL,NULL,NULL,NULL,NULL,NULL,NULL,NULL,NULL,NULL,NULL,NULL
Colombia,Colombia,Latin America + Caribbean,South America,NULL,NULL,NULL,NULL,NULL,NULL,NULL,NULL,NULL,NULL,NULL,NULL,NULL,NULL,NULL,NULL,NULL,NULL,NULL,NULL,NULL,NULL,NULL
Comoros,Comoros,Africa,Western Indian Ocean,NULL,NULL,NULL,NULL,NULL,NULL,NULL,NULL,NULL,NULL,NULL,NULL,NULL,NULL,NULL,NULL,NULL,NULL,NULL,NULL,NULL,NULL,NULL
Congo,Congo,Africa,Central Africa,NULL,NULL,NULL,NULL,NULL,NULL,NULL,NULL,NULL,NULL,NULL,NULL,NULL,NULL,NULL,NULL,NULL,NULL,NULL,NULL,NULL,NULL,NULL
Cook Islands,New Zealand,Asia + Pacific,South Pacific,NULL,NULL,NULL,NULL,NULL,NULL,NULL,NULL,NULL,NULL,NULL,NULL,NULL,NULL,NULL,NULL,NULL,NULL,NULL,NULL,NULL,NULL,NULL
Costa Rica,Costa Rica,Latin America + Caribbean,Meso America,NULL,NULL,NULL,NULL,NULL,NULL,NULL,NULL,NULL,NULL,NULL,NULL,NULL,NULL,NULL,NULL,NULL,NULL,NULL,NULL,NULL,NULL,NULL
Côte d'Ivoire,Côte d'Ivoire,Africa,Western Africa,NULL,NULL,NULL,NULL,NULL,NULL,NULL,NULL,NULL,NULL,NULL,NULL,NULL,NULL,NULL,NULL,NULL,NULL,NULL,NULL,NULL,NULL,NULL
Croatia,Croatia,Europe,Central Europe,31938,25292.6,23660.2,23764,22910,23501.7,24151.5,25597.3,25677.5,26935.2,26626.3,27764.1,28844.6,30206.5,30393.4,30687.6,31254,32743.8,31400.9,29390.5,28893.4,28542.5,26418.8
Cuba,Cuba,Latin America + Caribbean,Caribbean,NULL,NULL,NULL,NULL,NULL,NULL,NULL,NULL,NULL,NULL,NULL,NULL,NULL,NULL,NULL,NULL,NULL,NULL,NULL,NULL,NULL,NULL,NULL
Cyprus,Cyprus,Europe,Central Europe,6087.85,6566.57,7004.55,7320.05,7585.5,7523.53,7903.29,8012.87,8335.51,8640.85,8904.04,8900.2,9188.19,9571.67,9794.77,9886.13,10061.8,10381.8,10558.6,10299.2,9989.04,9682.23,9259.3
Czech Republic,Czech Republic,Europe,Central Europe,196146,182193,165624,159467,149435,151774,155540,151816,144667,137107,146330,146326,142845,145827,147274,145965,147021,147246,142185,134206,137008,135277,131466
Democratic People's Republic of Korea,Democratic People's Republic of Korea,Asia + Pacific,North East Asia,NULL,NULL,NULL,NULL,NULL,NULL,NULL,NULL,NULL,NULL,NULL,NULL,NULL,NULL,NULL,NULL,NULL,NULL,NULL,NULL,NULL,NULL,NULL
Democratic Republic of the Congo,Democratic Republic of the Congo,Africa,Central Africa,NULL,NULL,NULL,NULL,NULL,NULL,NULL,NULL,NULL,NULL,NULL,NULL,NULL,NULL,NULL,NULL,NULL,NULL,NULL,NULL,NULL,NULL,NULL
Denmark,Denmark,Europe,Western Europe,70020.5,80532.2,74462.6,76641.8,80590.5,77280.4,90235.7,80739.7,76937.8,74271,69954.8,71548.5,70932.8,75837.4,69889.8,65588.8,73469.7,68920.4,65404.4,62511.4,63006.5,58051.7,53118
Djibouti,Djibouti,Africa,Eastern Africa,NULL,NULL,NULL,NULL,NULL,NULL,NULL,NULL,NULL,NULL,NULL,NULL,NULL,NULL,NULL,NULL,NULL,NULL,NULL,NULL,NULL,NULL,NULL
Dominica,Dominica,Latin America + Caribbean,Caribbean,NULL,NULL,NULL,NULL,NULL,NULL,NULL,NULL,NULL,NULL,NULL,NULL,NULL,NULL,NULL,NULL,NULL,NULL,NULL,NULL,NULL,NULL,NULL
Dominican Republic,Dominican Republic,Latin America + Caribbean,Caribbean,NULL,NULL,NULL,NULL,NULL,NULL,NULL,NULL,NULL,NULL,NULL,NULL,NULL,NULL,NULL,NULL,NULL,NULL,NULL,NULL,NULL,NULL,NULL
Ecuador,Ecuador,Latin America + Caribbean,South America,NULL,NULL,NULL,NULL,NULL,NULL,NULL,NULL,NULL,NULL,NULL,NULL,NULL,NULL,NULL,NULL,NULL,NULL,NULL,NULL,NULL,NULL,NULL
Egypt,Egypt,Africa,Northern Africa,NULL,NULL,NULL,NULL,NULL,NULL,NULL,NULL,NULL,NULL,NULL,NULL,NULL,NULL,NULL,NULL,NULL,NULL,NULL,NULL,NULL,NULL,NULL
El Salvador,El Salvador,Latin America + Caribbean,Meso America,NULL,NULL,NULL,NULL,NULL,NULL,NULL,NULL,NULL,NULL,NULL,NULL,NULL,NULL,NULL,NULL,NULL,NULL,NULL,NULL,NULL,NULL,NULL
Equatorial Guinea,Equatorial Guinea,Africa,Central Africa,NULL,NULL,NULL,NULL,NULL,NULL,NULL,NULL,NULL,NULL,NULL,NULL,NULL,NULL,NULL,NULL,NULL,NULL,NULL,NULL,NULL,NULL,NULL
Eritrea,Eritrea,Africa,Eastern Africa,NULL,NULL,NULL,NULL,NULL,NULL,NULL,NULL,NULL,NULL,NULL,NULL,NULL,NULL,NULL,NULL,NULL,NULL,NULL,NULL,NULL,NULL,NULL
Estonia,Estonia,Europe,Central Europe,40625.9,37450.8,27397.6,21268.1,21905.4,20069,20732,20337.2,18815.7,17455,17160.3,17545.7,16937.5,18812.7,19130.2,18422.3,17838.4,20949.8,19547,16189.6,19893.4,20485,19189.5
Ethiopia,Ethiopia,Africa,Eastern Africa,NULL,NULL,NULL,NULL,NULL,NULL,NULL,NULL,NULL,NULL,NULL,NULL,NULL,NULL,NULL,NULL,NULL,NULL,NULL,NULL,NULL,NULL,NULL
Falkland Islands (Malvinas),United Kingdom of Great Britain and Northern Ireland,Latin America + Caribbean,South America,NULL,NULL,NULL,NULL,NULL,NULL,NULL,NULL,NULL,NULL,NULL,NULL,NULL,NULL,NULL,NULL,NULL,NULL,NULL,NULL,NULL,NULL,NULL
Faroe Islands,Denmark,Europe,Western Europe,NULL,NULL,NULL,NULL,NULL,NULL,NULL,NULL,NULL,NULL,NULL,NULL,NULL,NULL,NULL,NULL,NULL,NULL,NULL,NULL,NULL,NULL,NULL
Fiji,Fiji,Asia + Pacific,South Pacific,NULL,NULL,NULL,NULL,NULL,NULL,NULL,NULL,NULL,NULL,NULL,NULL,NULL,NULL,NULL,NULL,NULL,NULL,NULL,NULL,NULL,NULL,NULL
Finland,Finland,Europe,Western Europe,70329,68142,66720.5,68814.6,74204.2,70767.9,76491.7,75111.8,71531,70985.1,69188.4,74400,76624.5,84577.2,80583.8,68624.3,79900.3,78248.9,70126.3,66003,74397.4,66861.1,60965.7
France,France,Europe,Western Europe,560384,584125,574865,547997,548586,556875,571572,566290,581451,567058,564597,562988,557941,563354,561772,563577,551868,542721,537953,514380,522156,495982,496396
French Guiana,France,Latin America + Caribbean,South America,NULL,NULL,NULL,NULL,NULL,NULL,NULL,NULL,NULL,NULL,NULL,NULL,NULL,NULL,NULL,NULL,NULL,NULL,NULL,NULL,NULL,NULL,NULL
Gabon,Gabon,Africa,Central Africa,NULL,NULL,NULL,NULL,NULL,NULL,NULL,NULL,NULL,NULL,NULL,NULL,NULL,NULL,NULL,NULL,NULL,NULL,NULL,NULL,NULL,NULL,NULL
Gambia,Gambia,Africa,Western Africa,NULL,NULL,NULL,NULL,NULL,NULL,NULL,NULL,NULL,NULL,NULL,NULL,NULL,NULL,NULL,NULL,NULL,NULL,NULL,NULL,NULL,NULL,NULL
Georgia,Georgia,Europe,Eastern Europe,NULL,NULL,NULL,NULL,NULL,NULL,NULL,NULL,NULL,NULL,NULL,NULL,NULL,NULL,NULL,NULL,NULL,NULL,NULL,NULL,NULL,NULL,NULL
Germany,Germany,Europe,Western Europe,1248050,1201030,1150980,1141690,1121880,1117580,1136720,1100980,1075180,1041300,1040370,1055170,1033940,1032300,1019810,994460,1002430,976584,979803,912606,946388,928695,939083
Ghana,Ghana,Africa,Western Africa,NULL,NULL,NULL,NULL,NULL,NULL,NULL,NULL,NULL,NULL,NULL,NULL,NULL,NULL,NULL,NULL,NULL,NULL,NULL,NULL,NULL,NULL,NULL
Gibraltar,United Kingdom of Great Britain and Northern Ireland,Europe,Western Europe,NULL,NULL,NULL,NULL,NULL,NULL,NULL,NULL,NULL,NULL,NULL,NULL,NULL,NULL,NULL,NULL,NULL,NULL,NULL,NULL,NULL,NULL,NULL
Greece,Greece,Europe,Western Europe,104936,104534,105972,105059,107823,109727,112775,117595,123186,123036,126588,127519,127455,131266,131716,135320,131803,134646,130768,124119,117886,114737,110994
Greenland,Denmark,Polar,Arctic,NULL,NULL,NULL,NULL,NULL,NULL,NULL,NULL,NULL,NULL,NULL,NULL,NULL,NULL,NULL,NULL,NULL,NULL,NULL,NULL,NULL,NULL,NULL
Grenada,Grenada,Latin America + Caribbean,Caribbean,NULL,NULL,NULL,NULL,NULL,NULL,NULL,NULL,NULL,NULL,NULL,NULL,NULL,NULL,NULL,NULL,NULL,NULL,NULL,NULL,NULL,NULL,NULL
Guadeloupe,France,Latin America + Caribbean,Caribbean,NULL,NULL,NULL,NULL,NULL,NULL,NULL,NULL,NULL,NULL,NULL,NULL,NULL,NULL,NULL,NULL,NULL,NULL,NULL,NULL,NULL,NULL,NULL
Guam,United States of America,Asia + Pacific,South Pacific,NULL,NULL,NULL,NULL,NULL,NULL,NULL,NULL,NULL,NULL,NULL,NULL,NULL,NULL,NULL,NULL,NULL,NULL,NULL,NULL,NULL,NULL,NULL
Guatemala,Guatemala,Latin America + Caribbean,Meso America,NULL,NULL,NULL,NULL,NULL,NULL,NULL,NULL,NULL,NULL,NULL,NULL,NULL,NULL,NULL,NULL,NULL,NULL,NULL,NULL,NULL,NULL,NULL
Guernsey,United Kingdom of Great Britain and Northern Ireland,Europe,Western Europe,NULL,NULL,NULL,NULL,NULL,NULL,NULL,NULL,NULL,NULL,NULL,NULL,NULL,NULL,NULL,NULL,NULL,NULL,NULL,NULL,NULL,NULL,NULL
Guinea,Guinea,Africa,Western Africa,NULL,NULL,NULL,NULL,NULL,NULL,NULL,NULL,NULL,NULL,NULL,NULL,NULL,NULL,NULL,NULL,NULL,NULL,NULL,NULL,NULL,NULL,NULL
Guinea-Bissau,Guinea-Bissau,Africa,Western Africa,NULL,NULL,NULL,NULL,NULL,NULL,NULL,NULL,NULL,NULL,NULL,NULL,NULL,NULL,NULL,NULL,NULL,NULL,NULL,NULL,NULL,NULL,NULL
Guyana,Guyana,Latin America + Caribbean,South America,NULL,NULL,NULL,NULL,NULL,NULL,NULL,NULL,NULL,NULL,NULL,NULL,NULL,NULL,NULL,NULL,NULL,NULL,NULL,NULL,NULL,NULL,NULL
Haiti,Haiti,Latin America + Caribbean,Caribbean,NULL,NULL,NULL,NULL,NULL,NULL,NULL,NULL,NULL,NULL,NULL,NULL,NULL,NULL,NULL,NULL,NULL,NULL,NULL,NULL,NULL,NULL,NULL
Holy See,Holy See,Europe,Western Europe,NULL,NULL,NULL,NULL,NULL,NULL,NULL,NULL,NULL,NULL,NULL,NULL,NULL,NULL,NULL,NULL,NULL,NULL,NULL,NULL,NULL,NULL,NULL
Honduras,Honduras,Latin America + Caribbean,Meso America,NULL,NULL,NULL,NULL,NULL,NULL,NULL,NULL,NULL,NULL,NULL,NULL,NULL,NULL,NULL,NULL,NULL,NULL,NULL,NULL,NULL,NULL,NULL
Hungary,Hungary,Europe,Central Europe,97602.6,89744.3,79723.7,80262.6,79214.8,78474.7,80706.5,79269.9,79095.4,79687.6,76504.3,78359.2,76879.9,79604.1,79106.7,78376,77485.2,75650.6,73328,66975.6,67638,66034.1,61980.7
Iceland,Iceland,Europe,Western Europe,3538.08,3373.69,3280.55,3342.65,3275.95,3315.39,3405.79,3559.14,3690.18,3919.16,3902.65,3869.83,3902.75,3878.58,3931.18,3859.26,4390.94,4619.47,5021.79,4779.27,4646.16,4441.13,4467.73
India,India,Asia + Pacific,South Asia,NULL,NULL,NULL,NULL,NULL,NULL,NULL,NULL,NULL,NULL,NULL,NULL,NULL,NULL,NULL,NULL,NULL,NULL,NULL,NULL,NULL,NULL,NULL
Indonesia,Indonesia,Asia + Pacific,South East Asia,NULL,NULL,NULL,NULL,NULL,NULL,NULL,NULL,NULL,NULL,NULL,NULL,NULL,NULL,NULL,NULL,NULL,NULL,NULL,NULL,NULL,NULL,NULL
Iran (Islamic Republic of),Iran (Islamic Republic of),Asia + Pacific,South Asia,NULL,NULL,NULL,NULL,NULL,NULL,NULL,NULL,NULL,NULL,NULL,NULL,NULL,NULL,NULL,NULL,NULL,NULL,NULL,NULL,NULL,NULL,NULL
Iraq,Iraq,West Asia,Mashriq,NULL,NULL,NULL,NULL,NULL,NULL,NULL,NULL,NULL,NULL,NULL,NULL,NULL,NULL,NULL,NULL,NULL,NULL,NULL,NULL,NULL,NULL,NULL
Ireland,Ireland,Europe,Western Europe,55246.3,56017.5,56006.3,56322.7,57752.4,58903.2,61001.2,62510.4,65317.5,66281.9,68216.3,70207.5,68337.7,68467.1,68184.5,69655.7,69165.8,68370.7,68020.5,62312.3,61894.9,57750,58531.2
Isle of Man,United Kingdom of Great Britain and Northern Ireland,Europe,Western Europe,NULL,NULL,NULL,NULL,NULL,NULL,NULL,NULL,NULL,NULL,NULL,NULL,NULL,NULL,NULL,NULL,NULL,NULL,NULL,NULL,NULL,NULL,NULL
Israel,Israel,Europe,Western Europe,NULL,NULL,NULL,NULL,NULL,NULL,NULL,NULL,NULL,NULL,NULL,NULL,NULL,NULL,NULL,NULL,NULL,NULL,NULL,NULL,NULL,NULL,NULL
Italy,Italy,Europe,Western Europe,519055,520606,517783,511267,503552,530333,524038,530464,541858,548319,551237,557144,558302,573605,576843,574262,563373,555078,540621,490113,499359,486601,460083
Jamaica,Jamaica,Latin America + Caribbean,Caribbean,NULL,NULL,NULL,NULL,NULL,NULL,NULL,NULL,NULL,NULL,NULL,NULL,NULL,NULL,NULL,NULL,NULL,NULL,NULL,NULL,NULL,NULL,NULL
Japan,Japan,Asia + Pacific,North East Asia,1234320,1245820,1256110,1250770,1314840,1335890,1349670,1343310,1300750,1321900,1340520,1315670,1347820,1351660,1347640,1350320,1332530,1364260,1280900,1205670,1256090,1306520,1343120
Jersey,United Kingdom of Great Britain and Northern Ireland,Europe,Western Europe,NULL,NULL,NULL,NULL,NULL,NULL,NULL,NULL,NULL,NULL,NULL,NULL,NULL,NULL,NULL,NULL,NULL,NULL,NULL,NULL,NULL,NULL,NULL
Johnston Atoll,United States of America,Asia + Pacific,South Pacific,NULL,NULL,NULL,NULL,NULL,NULL,NULL,NULL,NULL,NULL,NULL,NULL,NULL,NULL,NULL,NULL,NULL,NULL,NULL,NULL,NULL,NULL,NULL
Jordan,Jordan,West Asia,Mashriq,NULL,NULL,NULL,NULL,NULL,NULL,NULL,NULL,NULL,NULL,NULL,NULL,NULL,NULL,NULL,NULL,NULL,NULL,NULL,NULL,NULL,NULL,NULL
Kazakhstan,Kazakhstan,Europe,Central Asia,NULL,NULL,NULL,NULL,NULL,NULL,NULL,NULL,NULL,NULL,NULL,NULL,NULL,NULL,NULL,NULL,NULL,NULL,NULL,NULL,NULL,NULL,NULL
Kenya,Kenya,Africa,Eastern Africa,NULL,NULL,NULL,NULL,NULL,NULL,NULL,NULL,NULL,NULL,NULL,NULL,NULL,NULL,NULL,NULL,NULL,NULL,NULL,NULL,NULL,NULL,NULL
Kiribati,Kiribati,Asia + Pacific,South Pacific,NULL,NULL,NULL,NULL,NULL,NULL,NULL,NULL,NULL,NULL,NULL,NULL,NULL,NULL,NULL,NULL,NULL,NULL,NULL,NULL,NULL,NULL,NULL
Kuwait,Kuwait,West Asia,Arabian Peninsula,NULL,NULL,NULL,NULL,NULL,NULL,NULL,NULL,NULL,NULL,NULL,NULL,NULL,NULL,NULL,NULL,NULL,NULL,NULL,NULL,NULL,NULL,NULL
Kyrgyzstan,Kyrgyzstan,Europe,Central Asia,NULL,NULL,NULL,NULL,NULL,NULL,NULL,NULL,NULL,NULL,NULL,NULL,NULL,NULL,NULL,NULL,NULL,NULL,NULL,NULL,NULL,NULL,NULL
Lao People's Democratic Republic,Lao People's Democratic Republic,Asia + Pacific,South East Asia,NULL,NULL,NULL,NULL,NULL,NULL,NULL,NULL,NULL,NULL,NULL,NULL,NULL,NULL,NULL,NULL,NULL,NULL,NULL,NULL,NULL,NULL,NULL
Latvia,Latvia,Europe,Central Europe,26212.9,24298.7,19568.8,15818,13893.5,12502.6,12517.3,11961,11437.1,10635.7,9993.57,10625.8,10604.5,10856.1,10852.1,11056.3,11522.3,11978.9,11496.1,10849.5,11988.3,11139.8,10977.9
Lebanon,Lebanon,West Asia,Mashriq,NULL,NULL,NULL,NULL,NULL,NULL,NULL,NULL,NULL,NULL,NULL,NULL,NULL,NULL,NULL,NULL,NULL,NULL,NULL,NULL,NULL,NULL,NULL
Lesotho,Lesotho,Africa,Southern Africa,NULL,NULL,NULL,NULL,NULL,NULL,NULL,NULL,NULL,NULL,NULL,NULL,NULL,NULL,NULL,NULL,NULL,NULL,NULL,NULL,NULL,NULL,NULL
Liberia,Liberia,Africa,Western Africa,NULL,NULL,NULL,NULL,NULL,NULL,NULL,NULL,NULL,NULL,NULL,NULL,NULL,NULL,NULL,NULL,NULL,NULL,NULL,NULL,NULL,NULL,NULL
Libya,Libyan Arab Jamahiriya,Africa,Northern Africa,NULL,NULL,NULL,NULL,NULL,NULL,NULL,NULL,NULL,NULL,NULL,NULL,NULL,NULL,NULL,NULL,NULL,NULL,NULL,NULL,NULL,NULL,NULL
Liechtenstein,Liechtenstein,Europe,Western Europe,228.13,235.61,235.82,242.94,229.14,232.7,235.1,247.59,258.63,257.29,250.97,250.29,255.66,265.43,265.89,266.7,269.05,239.59,259.5,244.74,229.7,216.21,225.4
Lithuania,Lithuania,Europe,Central Europe,48720.8,50105,30206.4,24301.3,22861.8,22072.3,23358.6,23055.1,23813.2,21255.7,19632.4,20716.2,21231.9,21447.7,22231.1,23318.5,23707.8,26119.1,24932.3,20431.6,21118.6,21680,21622.3
Luxembourg,Luxembourg,Europe,Western Europe,12901,13446.8,13221.7,13333.9,12505.1,10177.5,10238.6,9534.45,8644.45,9062.37,9762,10258.3,11036.5,11381.8,12862.2,13095.2,12946.3,12360.7,12188.4,11683.8,12249.6,12124.9,11839.2
Madagascar,Madagascar,Africa,Western Indian Ocean,NULL,NULL,NULL,NULL,NULL,NULL,NULL,NULL,NULL,NULL,NULL,NULL,NULL,NULL,NULL,NULL,NULL,NULL,NULL,NULL,NULL,NULL,NULL
Malawi,Malawi,Africa,Southern Africa,NULL,NULL,NULL,NULL,NULL,NULL,NULL,NULL,NULL,NULL,NULL,NULL,NULL,NULL,NULL,NULL,NULL,NULL,NULL,NULL,NULL,NULL,NULL
Malaysia,Malaysia,Asia + Pacific,South East Asia,NULL,NULL,NULL,NULL,NULL,NULL,NULL,NULL,NULL,NULL,NULL,NULL,NULL,NULL,NULL,NULL,NULL,NULL,NULL,NULL,NULL,NULL,NULL
Maldives,Maldives,Asia + Pacific,South Asia,NULL,NULL,NULL,NULL,NULL,NULL,NULL,NULL,NULL,NULL,NULL,NULL,NULL,NULL,NULL,NULL,NULL,NULL,NULL,NULL,NULL,NULL,NULL
Mali,Mali,Africa,Western Africa,NULL,NULL,NULL,NULL,NULL,NULL,NULL,NULL,NULL,NULL,NULL,NULL,NULL,NULL,NULL,NULL,NULL,NULL,NULL,NULL,NULL,NULL,NULL
Malta,Malta,Europe,Western Europe,1991.84,2177.8,2297.34,2307.91,2433.49,2418.3,2464.6,2542,2520.71,2612.15,2551.01,2674.54,2708.55,2896.23,2878.2,2977.43,2978.45,3091.41,3056.68,2993.16,2994.47,3027,3140.15
Marshall Islands,Marshall Islands,Asia + Pacific,South Pacific,NULL,NULL,NULL,NULL,NULL,NULL,NULL,NULL,NULL,NULL,NULL,NULL,NULL,NULL,NULL,NULL,NULL,NULL,NULL,NULL,NULL,NULL,NULL
Martinique,France,Latin America + Caribbean,Caribbean,NULL,NULL,NULL,NULL,NULL,NULL,NULL,NULL,NULL,NULL,NULL,NULL,NULL,NULL,NULL,NULL,NULL,NULL,NULL,NULL,NULL,NULL,NULL
Mauritania,Mauritania,Africa,Western Africa,NULL,NULL,NULL,NULL,NULL,NULL,NULL,NULL,NULL,NULL,NULL,NULL,NULL,NULL,NULL,NULL,NULL,NULL,NULL,NULL,NULL,NULL,NULL
Mauritius,Mauritius,Africa,Western Indian Ocean,NULL,NULL,NULL,NULL,NULL,NULL,NULL,NULL,NULL,NULL,NULL,NULL,NULL,NULL,NULL,NULL,NULL,NULL,NULL,NULL,NULL,NULL,NULL
Mayotte,France,Africa,Western Indian Ocean,NULL,NULL,NULL,NULL,NULL,NULL,NULL,NULL,NULL,NULL,NULL,NULL,NULL,NULL,NULL,NULL,NULL,NULL,NULL,NULL,NULL,NULL,NULL
Mexico,Mexico,Latin America + Caribbean,Meso America,NULL,NULL,NULL,NULL,NULL,NULL,NULL,NULL,NULL,NULL,NULL,NULL,NULL,NULL,NULL,NULL,NULL,NULL,NULL,NULL,NULL,NULL,NULL
Micronesia (Federated States of),Micronesia (Federated States of),Asia + Pacific,South Pacific,NULL,NULL,NULL,NULL,NULL,NULL,NULL,NULL,NULL,NULL,NULL,NULL,NULL,NULL,NULL,NULL,NULL,NULL,NULL,NULL,NULL,NULL,NULL
Midway Island,United States of America,Asia + Pacific,South Pacific,NULL,NULL,NULL,NULL,NULL,NULL,NULL,NULL,NULL,NULL,NULL,NULL,NULL,NULL,NULL,NULL,NULL,NULL,NULL,NULL,NULL,NULL,NULL
Monaco,Monaco,Europe,Western Europe,109.56,110.63,117.26,117.25,119.24,116.42,121.59,121.97,120.4,121.46,122.23,121.5,120.26,115.19,109.26,108.22,97.72,102.57,100.21,95.42,92.35,89.82,93.47
Mongolia,Mongolia,Asia + Pacific,North East Asia,NULL,NULL,NULL,NULL,NULL,NULL,NULL,NULL,NULL,NULL,NULL,NULL,NULL,NULL,NULL,NULL,NULL,NULL,NULL,NULL,NULL,NULL,NULL
Montenegro,Montenegro,Europe,Central Europe,NULL,NULL,NULL,NULL,NULL,NULL,NULL,NULL,NULL,NULL,NULL,NULL,NULL,NULL,NULL,NULL,NULL,NULL,NULL,NULL,NULL,NULL,NULL
Montserrat,United Kingdom of Great Britain and Northern Ireland,Latin America + Caribbean,Caribbean,NULL,NULL,NULL,NULL,NULL,NULL,NULL,NULL,NULL,NULL,NULL,NULL,NULL,NULL,NULL,NULL,NULL,NULL,NULL,NULL,NULL,NULL,NULL
Morocco,Morocco,Africa,Northern Africa,NULL,NULL,NULL,NULL,NULL,NULL,NULL,NULL,NULL,NULL,NULL,NULL,NULL,NULL,NULL,NULL,NULL,NULL,NULL,NULL,NULL,NULL,NULL
Mozambique,Mozambique,Africa,Southern Africa,NULL,NULL,NULL,NULL,NULL,NULL,NULL,NULL,NULL,NULL,NULL,NULL,NULL,NULL,NULL,NULL,NULL,NULL,NULL,NULL,NULL,NULL,NULL
Myanmar,Myanmar,Asia + Pacific,South East Asia,NULL,NULL,NULL,NULL,NULL,NULL,NULL,NULL,NULL,NULL,NULL,NULL,NULL,NULL,NULL,NULL,NULL,NULL,NULL,NULL,NULL,NULL,NULL
Namibia,Namibia,Africa,Southern Africa,NULL,NULL,NULL,NULL,NULL,NULL,NULL,NULL,NULL,NULL,NULL,NULL,NULL,NULL,NULL,NULL,NULL,NULL,NULL,NULL,NULL,NULL,NULL
Nauru,Nauru,Asia + Pacific,South Pacific,NULL,NULL,NULL,NULL,NULL,NULL,NULL,NULL,NULL,NULL,NULL,NULL,NULL,NULL,NULL,NULL,NULL,NULL,NULL,NULL,NULL,NULL,NULL
Nepal,Nepal,Asia + Pacific,South Asia,NULL,NULL,NULL,NULL,NULL,NULL,NULL,NULL,NULL,NULL,NULL,NULL,NULL,NULL,NULL,NULL,NULL,NULL,NULL,NULL,NULL,NULL,NULL
Netherlands,Netherlands,Europe,Western Europe,211850,216385,215099,219980,219934,223161,231327,224606,225494,213316,213023,214494,213544,214304,215514,209448,205559,204199,203314,197787,209286,195064,191669
Netherlands Antilles,Netherlands,Latin America + Caribbean,Caribbean,NULL,NULL,NULL,NULL,NULL,NULL,NULL,NULL,NULL,NULL,NULL,NULL,NULL,NULL,NULL,NULL,NULL,NULL,NULL,NULL,NULL,NULL,NULL
New Caledonia,France,Asia + Pacific,South Pacific,NULL,NULL,NULL,NULL,NULL,NULL,NULL,NULL,NULL,NULL,NULL,NULL,NULL,NULL,NULL,NULL,NULL,NULL,NULL,NULL,NULL,NULL,NULL
New Zealand,New Zealand,Asia + Pacific,Australia + New Zealand,60641.4,61615.1,62986.8,62644.4,63734.6,64464.8,66618.9,69138,67013.8,68979.3,70898.9,73619.1,74331,76807.6,76206.6,78286.6,78185.8,76221.5,75763.7,73101.2,73491.3,74393.5,76048
Nicaragua,Nicaragua,Latin America + Caribbean,Meso America,NULL,NULL,NULL,NULL,NULL,NULL,NULL,NULL,NULL,NULL,NULL,NULL,NULL,NULL,NULL,NULL,NULL,NULL,NULL,NULL,NULL,NULL,NULL
Niger,Niger,Africa,Western Africa,NULL,NULL,NULL,NULL,NULL,NULL,NULL,NULL,NULL,NULL,NULL,NULL,NULL,NULL,NULL,NULL,NULL,NULL,NULL,NULL,NULL,NULL,NULL
Nigeria,Nigeria,Africa,Western Africa,NULL,NULL,NULL,NULL,NULL,NULL,NULL,NULL,NULL,NULL,NULL,NULL,NULL,NULL,NULL,NULL,NULL,NULL,NULL,NULL,NULL,NULL,NULL
Niue,New Zealand,Asia + Pacific,South Pacific,NULL,NULL,NULL,NULL,NULL,NULL,NULL,NULL,NULL,NULL,NULL,NULL,NULL,NULL,NULL,NULL,NULL,NULL,NULL,NULL,NULL,NULL,NULL
Norfolk Island,Australia,Asia + Pacific,South Pacific,NULL,NULL,NULL,NULL,NULL,NULL,NULL,NULL,NULL,NULL,NULL,NULL,NULL,NULL,NULL,NULL,NULL,NULL,NULL,NULL,NULL,NULL,NULL
Northern Mariana Islands,United States of America,Asia + Pacific,South Pacific,NULL,NULL,NULL,NULL,NULL,NULL,NULL,NULL,NULL,NULL,NULL,NULL,NULL,NULL,NULL,NULL,NULL,NULL,NULL,NULL,NULL,NULL,NULL
Norway,Norway,Europe,Western Europe,50409.4,48320.9,46573.4,48491.9,50447.4,50241.9,53377.8,53329.8,53502,54529.4,54058.5,55276.1,54140,54886.4,55438.5,54469,54288,56006.3,54424.5,51808.9,54346.9,53294,52733.2
Oman,Oman,West Asia,Arabian Peninsula,NULL,NULL,NULL,NULL,NULL,NULL,NULL,NULL,NULL,NULL,NULL,NULL,NULL,NULL,NULL,NULL,NULL,NULL,NULL,NULL,NULL,NULL,NULL
Pakistan,Pakistan,Asia + Pacific,South Asia,NULL,NULL,NULL,NULL,NULL,NULL,NULL,NULL,NULL,NULL,NULL,NULL,NULL,NULL,NULL,NULL,NULL,NULL,NULL,NULL,NULL,NULL,NULL
Palau,Palau,Asia + Pacific,South Pacific,NULL,NULL,NULL,NULL,NULL,NULL,NULL,NULL,NULL,NULL,NULL,NULL,NULL,NULL,NULL,NULL,NULL,NULL,NULL,NULL,NULL,NULL,NULL
Panama,Panama,Latin America + Caribbean,Meso America,NULL,NULL,NULL,NULL,NULL,NULL,NULL,NULL,NULL,NULL,NULL,NULL,NULL,NULL,NULL,NULL,NULL,NULL,NULL,NULL,NULL,NULL,NULL
Papua New Guinea,Papua New Guinea,Asia + Pacific,South Pacific,NULL,NULL,NULL,NULL,NULL,NULL,NULL,NULL,NULL,NULL,NULL,NULL,NULL,NULL,NULL,NULL,NULL,NULL,NULL,NULL,NULL,NULL,NULL
Paraguay,Paraguay,Latin America + Caribbean,South America,NULL,NULL,NULL,NULL,NULL,NULL,NULL,NULL,NULL,NULL,NULL,NULL,NULL,NULL,NULL,NULL,NULL,NULL,NULL,NULL,NULL,NULL,NULL
Peru,Peru,Latin America + Caribbean,South America,NULL,NULL,NULL,NULL,NULL,NULL,NULL,NULL,NULL,NULL,NULL,NULL,NULL,NULL,NULL,NULL,NULL,NULL,NULL,NULL,NULL,NULL,NULL
Philippines,Philippines,Asia + Pacific,South East Asia,NULL,NULL,NULL,NULL,NULL,NULL,NULL,NULL,NULL,NULL,NULL,NULL,NULL,NULL,NULL,NULL,NULL,NULL,NULL,NULL,NULL,NULL,NULL
Pitcairn,United Kingdom of Great Britain and Northern Ireland,Asia + Pacific,South Pacific,NULL,NULL,NULL,NULL,NULL,NULL,NULL,NULL,NULL,NULL,NULL,NULL,NULL,NULL,NULL,NULL,NULL,NULL,NULL,NULL,NULL,NULL,NULL
Poland,Poland,Europe,Central Europe,466372,456204,442010,442073,438414,441103,454106,445808,416877,406497,396104,392886,380354,393407,398044,398827,414148,415449,406081,387700,407475,405741,399268
Portugal,Portugal,Europe,Western Europe,60766.8,62683.2,67105.2,65821.1,66889.5,71398.9,69096.2,72159.3,77107.1,85223.5,84100.4,83872.5,88037.6,82327.8,85298.7,87686,82647.1,80269.4,78031.9,74854,70634.2,69316.5,68751.9
Puerto Rico,United States of America,Latin America + Caribbean,Caribbean,NULL,NULL,NULL,NULL,NULL,NULL,NULL,NULL,NULL,NULL,NULL,NULL,NULL,NULL,NULL,NULL,NULL,NULL,NULL,NULL,NULL,NULL,NULL
Qatar,Qatar,West Asia,Arabian Peninsula,NULL,NULL,NULL,NULL,NULL,NULL,NULL,NULL,NULL,NULL,NULL,NULL,NULL,NULL,NULL,NULL,NULL,NULL,NULL,NULL,NULL,NULL,NULL
Republic of Korea,Republic of Korea,Asia + Pacific,North East Asia,NULL,NULL,NULL,NULL,NULL,NULL,NULL,NULL,NULL,NULL,NULL,NULL,NULL,NULL,NULL,NULL,NULL,NULL,NULL,NULL,NULL,NULL,NULL
Republic of Moldova,Moldova,Europe,Eastern Europe,NULL,NULL,NULL,NULL,NULL,NULL,NULL,NULL,NULL,NULL,NULL,NULL,NULL,NULL,NULL,NULL,NULL,NULL,NULL,NULL,NULL,NULL,NULL
Réunion,France,Africa,Western Indian Ocean,NULL,NULL,NULL,NULL,NULL,NULL,NULL,NULL,NULL,NULL,NULL,NULL,NULL,NULL,NULL,NULL,NULL,NULL,NULL,NULL,NULL,NULL,NULL
Romania,Romania,Europe,Central Europe,247664,202017,182424,172306,169050,175265,177828,164437,146773,129708,134074,139022,139698,144219,141221,141314,144777,142804,139812,119917,115799,121514,118764
Russian Federation,Russian Federation,Europe,Eastern Europe,3363340,3186710,2698720,2561130,2291940,2207680,2145000,2039480,2003520,2036770,2053320,2078130,2080420,2118720,2152590,2135400,2201490,2206100,2245850,2130320,2221340,2284290,2295050
Rwanda,Rwanda,Africa,Eastern Africa,NULL,NULL,NULL,NULL,NULL,NULL,NULL,NULL,NULL,NULL,NULL,NULL,NULL,NULL,NULL,NULL,NULL,NULL,NULL,NULL,NULL,NULL,NULL
Saint Helena,United Kingdom of Great Britain and Northern Ireland,Africa,Southern Africa,NULL,NULL,NULL,NULL,NULL,NULL,NULL,NULL,NULL,NULL,NULL,NULL,NULL,NULL,NULL,NULL,NULL,NULL,NULL,NULL,NULL,NULL,NULL
Saint Kitts and Nevis,Saint Kitts and Nevis,Latin America + Caribbean,Caribbean,NULL,NULL,NULL,NULL,NULL,NULL,NULL,NULL,NULL,NULL,NULL,NULL,NULL,NULL,NULL,NULL,NULL,NULL,NULL,NULL,NULL,NULL,NULL
Saint Lucia,Saint Lucia,Latin America + Caribbean,Caribbean,NULL,NULL,NULL,NULL,NULL,NULL,NULL,NULL,NULL,NULL,NULL,NULL,NULL,NULL,NULL,NULL,NULL,NULL,NULL,NULL,NULL,NULL,NULL
Saint Pierre and Miquelon,France,North America,North America,NULL,NULL,NULL,NULL,NULL,NULL,NULL,NULL,NULL,NULL,NULL,NULL,NULL,NULL,NULL,NULL,NULL,NULL,NULL,NULL,NULL,NULL,NULL
Saint Vincent and the Grenadines,Saint Vincent and the Grenadines,Latin America + Caribbean,Caribbean,NULL,NULL,NULL,NULL,NULL,NULL,NULL,NULL,NULL,NULL,NULL,NULL,NULL,NULL,NULL,NULL,NULL,NULL,NULL,NULL,NULL,NULL,NULL
Samoa,Samoa,Asia + Pacific,South Pacific,NULL,NULL,NULL,NULL,NULL,NULL,NULL,NULL,NULL,NULL,NULL,NULL,NULL,NULL,NULL,NULL,NULL,NULL,NULL,NULL,NULL,NULL,NULL
San Marino,San Marino,Europe,Western Europe,NULL,NULL,NULL,NULL,NULL,NULL,NULL,NULL,NULL,NULL,NULL,NULL,NULL,NULL,NULL,NULL,NULL,NULL,NULL,NULL,NULL,NULL,NULL
Sao Tome and Principe,Sao Tome and Principe,Africa,Central Africa,NULL,NULL,NULL,NULL,NULL,NULL,NULL,NULL,NULL,NULL,NULL,NULL,NULL,NULL,NULL,NULL,NULL,NULL,NULL,NULL,NULL,NULL,NULL
Saudi Arabia,Saudi Arabia,West Asia,Arabian Peninsula,NULL,NULL,NULL,NULL,NULL,NULL,NULL,NULL,NULL,NULL,NULL,NULL,NULL,NULL,NULL,NULL,NULL,NULL,NULL,NULL,NULL,NULL,NULL
Senegal,Senegal,Africa,Western Africa,NULL,NULL,NULL,NULL,NULL,NULL,NULL,NULL,NULL,NULL,NULL,NULL,NULL,NULL,NULL,NULL,NULL,NULL,NULL,NULL,NULL,NULL,NULL
Serbia,Serbia,Europe,Central Europe,NULL,NULL,NULL,NULL,NULL,NULL,NULL,NULL,NULL,NULL,NULL,NULL,NULL,NULL,NULL,NULL,NULL,NULL,NULL,NULL,NULL,NULL,NULL
Seychelles,Seychelles,Africa,Western Indian Ocean,NULL,NULL,NULL,NULL,NULL,NULL,NULL,NULL,NULL,NULL,NULL,NULL,NULL,NULL,NULL,NULL,NULL,NULL,NULL,NULL,NULL,NULL,NULL
Sierra Leone,Sierra Leone,Africa,Western Africa,NULL,NULL,NULL,NULL,NULL,NULL,NULL,NULL,NULL,NULL,NULL,NULL,NULL,NULL,NULL,NULL,NULL,NULL,NULL,NULL,NULL,NULL,NULL
Singapore,Singapore,Asia + Pacific,South East Asia,NULL,NULL,NULL,NULL,NULL,NULL,NULL,NULL,NULL,NULL,NULL,NULL,NULL,NULL,NULL,NULL,NULL,NULL,NULL,NULL,NULL,NULL,NULL
Slovakia,Slovakia,Europe,Central Europe,73226.8,63395.5,57780.4,54214.4,51801.7,53231.7,53658.4,52560.8,51859.4,50809.8,48947.4,51479,49919.3,50670.5,50933.1,50263.7,50317.6,48395.3,49001,44690.2,45382.5,44697.9,42710.2
Slovenia,Slovenia,Europe,Central Europe,18444.4,17320.7,17208.8,17450.4,17640.9,18548.6,19224.4,19585.6,19345.1,18693.8,18953.4,19819.7,19977.4,19672.1,19980.1,20313.7,20526.2,20671.8,21384.4,19373.2,19411.4,19462.6,18911
Solomon Islands,Solomon Islands,Asia + Pacific,South Pacific,NULL,NULL,NULL,NULL,NULL,NULL,NULL,NULL,NULL,NULL,NULL,NULL,NULL,NULL,NULL,NULL,NULL,NULL,NULL,NULL,NULL,NULL,NULL
Somalia,Somalia,Africa,Eastern Africa,NULL,NULL,NULL,NULL,NULL,NULL,NULL,NULL,NULL,NULL,NULL,NULL,NULL,NULL,NULL,NULL,NULL,NULL,NULL,NULL,NULL,NULL,NULL
South Africa,South Africa,Africa,Southern Africa,NULL,NULL,NULL,NULL,NULL,NULL,NULL,NULL,NULL,NULL,NULL,NULL,NULL,NULL,NULL,NULL,NULL,NULL,NULL,NULL,NULL,NULL,NULL
South Sudan,South Sudan,Africa,Eastern Africa,NULL,NULL,NULL,NULL,NULL,NULL,NULL,NULL,NULL,NULL,NULL,NULL,NULL,NULL,NULL,NULL,NULL,NULL,NULL,NULL,NULL,NULL,NULL
Spain,Spain,Europe,Western Europe,283749,293165,301710,291118,307473,322108,314842,328189,338022,364002,380004,376963,394905,402420,417195,431393,423789,432112,398444,359659,347181,345887,340809
Sri Lanka,Sri Lanka,Asia + Pacific,South Asia,NULL,NULL,NULL,NULL,NULL,NULL,NULL,NULL,NULL,NULL,NULL,NULL,NULL,NULL,NULL,NULL,NULL,NULL,NULL,NULL,NULL,NULL,NULL
State of Palestine,State of Palestine,West Asia,Mashriq,NULL,NULL,NULL,NULL,NULL,NULL,NULL,NULL,NULL,NULL,NULL,NULL,NULL,NULL,NULL,NULL,NULL,NULL,NULL,NULL,NULL,NULL,NULL
Sudan,Sudan,Africa,Northern Africa,NULL,NULL,NULL,NULL,NULL,NULL,NULL,NULL,NULL,NULL,NULL,NULL,NULL,NULL,NULL,NULL,NULL,NULL,NULL,NULL,NULL,NULL,NULL
Suriname,Suriname,Latin America + Caribbean,South America,NULL,NULL,NULL,NULL,NULL,NULL,NULL,NULL,NULL,NULL,NULL,NULL,NULL,NULL,NULL,NULL,NULL,NULL,NULL,NULL,NULL,NULL,NULL
Svalbard and Jan Mayen Islands,Norway,Europe,Western Europe,NULL,NULL,NULL,NULL,NULL,NULL,NULL,NULL,NULL,NULL,NULL,NULL,NULL,NULL,NULL,NULL,NULL,NULL,NULL,NULL,NULL,NULL,NULL
Swaziland,Swaziland,Africa,Southern Africa,NULL,NULL,NULL,NULL,NULL,NULL,NULL,NULL,NULL,NULL,NULL,NULL,NULL,NULL,NULL,NULL,NULL,NULL,NULL,NULL,NULL,NULL,NULL
Sweden,Sweden,Europe,Western Europe,72730.5,72898.1,72431.9,72460.3,74917.6,74174.5,78039.3,72950.8,73410.8,70056,68568.9,69349.5,70073.1,70475.7,69704.3,66918.5,66784.2,65239,63019.3,59103.5,65079.5,60761,57610.4
Switzerland,Switzerland,Europe,Western Europe,52999.6,54726.9,54492.3,51714.9,50873.9,51676.3,52315.5,51375.7,52694.5,52720.7,51821.3,52856.5,51764.3,52892.1,53561.1,54268.6,53904.9,51962.9,53705.8,52417.8,54147.9,50028.1,51492.7
Syrian Arab Republic,Syrian Arab Republic,West Asia,Mashriq,NULL,NULL,NULL,NULL,NULL,NULL,NULL,NULL,NULL,NULL,NULL,NULL,NULL,NULL,NULL,NULL,NULL,NULL,NULL,NULL,NULL,NULL,NULL
Taiwan Province of China,China,Asia + Pacific,North East Asia,NULL,NULL,NULL,NULL,NULL,NULL,NULL,NULL,NULL,NULL,NULL,NULL,NULL,NULL,NULL,NULL,NULL,NULL,NULL,NULL,NULL,NULL,NULL
Tajikistan,Tajikistan,Europe,Central Asia,NULL,NULL,NULL,NULL,NULL,NULL,NULL,NULL,NULL,NULL,NULL,NULL,NULL,NULL,NULL,NULL,NULL,NULL,NULL,NULL,NULL,NULL,NULL
Thailand,Thailand,Asia + Pacific,South East Asia,NULL,NULL,NULL,NULL,NULL,NULL,NULL,NULL,NULL,NULL,NULL,NULL,NULL,NULL,NULL,NULL,NULL,NULL,NULL,NULL,NULL,NULL,NULL
The former Yugoslav Republic of Macedonia,The former Yugoslav Republic of Macedonia,Europe,Central Europe,NULL,NULL,NULL,NULL,NULL,NULL,NULL,NULL,NULL,NULL,NULL,NULL,NULL,NULL,NULL,NULL,NULL,NULL,NULL,NULL,NULL,NULL,NULL
Timor-Leste,Timor-Leste,Asia + Pacific,South East Asia,NULL,NULL,NULL,NULL,NULL,NULL,NULL,NULL,NULL,NULL,NULL,NULL,NULL,NULL,NULL,NULL,NULL,NULL,NULL,NULL,NULL,NULL,NULL
Togo,Togo,Africa,Western Africa,NULL,NULL,NULL,NULL,NULL,NULL,NULL,NULL,NULL,NULL,NULL,NULL,NULL,NULL,NULL,NULL,NULL,NULL,NULL,NULL,NULL,NULL,NULL
Tokelau,New Zealand,Asia + Pacific,South Pacific,NULL,NULL,NULL,NULL,NULL,NULL,NULL,NULL,NULL,NULL,NULL,NULL,NULL,NULL,NULL,NULL,NULL,NULL,NULL,NULL,NULL,NULL,NULL
Tonga,Tonga,Asia + Pacific,South Pacific,NULL,NULL,NULL,NULL,NULL,NULL,NULL,NULL,NULL,NULL,NULL,NULL,NULL,NULL,NULL,NULL,NULL,NULL,NULL,NULL,NULL,NULL,NULL
Trinidad and Tobago,Trinidad and Tobago,Latin America + Caribbean,Caribbean,NULL,NULL,NULL,NULL,NULL,NULL,NULL,NULL,NULL,NULL,NULL,NULL,NULL,NULL,NULL,NULL,NULL,NULL,NULL,NULL,NULL,NULL,NULL
Tunisia,Tunisia,Africa,Northern Africa,NULL,NULL,NULL,NULL,NULL,NULL,NULL,NULL,NULL,NULL,NULL,NULL,NULL,NULL,NULL,NULL,NULL,NULL,NULL,NULL,NULL,NULL,NULL
Turkey,Turkey,Europe,Central Europe,188434,200654,211729,223080,218530,238820,259939,273172,275193,275906,298091,279075,287052,303537,313071,330740,350881,382378,368734,371149,403495,424091,439874
Turkmenistan,Turkmenistan,Europe,Central Asia,NULL,NULL,NULL,NULL,NULL,NULL,NULL,NULL,NULL,NULL,NULL,NULL,NULL,NULL,NULL,NULL,NULL,NULL,NULL,NULL,NULL,NULL,NULL
Turks and Caicos Islands,United Kingdom of Great Britain and Northern Ireland,Latin America + Caribbean,Caribbean,NULL,NULL,NULL,NULL,NULL,NULL,NULL,NULL,NULL,NULL,NULL,NULL,NULL,NULL,NULL,NULL,NULL,NULL,NULL,NULL,NULL,NULL,NULL
Tuvalu,Tuvalu,Asia + Pacific,South Pacific,NULL,NULL,NULL,NULL,NULL,NULL,NULL,NULL,NULL,NULL,NULL,NULL,NULL,NULL,NULL,NULL,NULL,NULL,NULL,NULL,NULL,NULL,NULL
Uganda,Uganda,Africa,Eastern Africa,NULL,NULL,NULL,NULL,NULL,NULL,NULL,NULL,NULL,NULL,NULL,NULL,NULL,NULL,NULL,NULL,NULL,NULL,NULL,NULL,NULL,NULL,NULL
Ukraine,Ukraine,Europe,Eastern Europe,940175,829790,740498,649630,571931,514425,467603,446054,439020,431490,412496,416615,419117,436539,430081,426820,441440,444670,427600,368811,385601,408448,401019
United Arab Emirates,United Arab Emirates,West Asia,Arabian Peninsula,NULL,NULL,NULL,NULL,NULL,NULL,NULL,NULL,NULL,NULL,NULL,NULL,NULL,NULL,NULL,NULL,NULL,NULL,NULL,NULL,NULL,NULL,NULL
United Kingdom of Great Britain and Northern Ireland,United Kingdom of Great Britain and Northern Ireland,Europe,Western Europe,783412,791396,769627,750438,740046,732717,754558,730864,730800,701851,704435,709863,690464,697440,695084,688265,684190,673799,651458,596930,613218,569273,586357
United Republic of Tanzania,United Republic of Tanzania,Africa,Southern Africa,NULL,NULL,NULL,NULL,NULL,NULL,NULL,NULL,NULL,NULL,NULL,NULL,NULL,NULL,NULL,NULL,NULL,NULL,NULL,NULL,NULL,NULL,NULL
United States of America,United States of America,North America,North America,6219520,6195070,6295800,6430340,6499920,6597670,6812320,6867120,6868760,6930960,7075610,6979200,7011200,7057540,7198380,7228290,7150740,7287750,7090750,6642320,6854730,6716990,6487850
United States Virgin Islands,United States of America,Latin America + Caribbean,Caribbean,NULL,NULL,NULL,NULL,NULL,NULL,NULL,NULL,NULL,NULL,NULL,NULL,NULL,NULL,NULL,NULL,NULL,NULL,NULL,NULL,NULL,NULL,NULL
Uruguay,Uruguay,Latin America + Caribbean,South America,NULL,NULL,NULL,NULL,NULL,NULL,NULL,NULL,NULL,NULL,NULL,NULL,NULL,NULL,NULL,NULL,NULL,NULL,NULL,NULL,NULL,NULL,NULL
Uzbekistan,Uzbekistan,Europe,Central Asia,NULL,NULL,NULL,NULL,NULL,NULL,NULL,NULL,NULL,NULL,NULL,NULL,NULL,NULL,NULL,NULL,NULL,NULL,NULL,NULL,NULL,NULL,NULL
Vanuatu,Vanuatu,Asia + Pacific,South Pacific,NULL,NULL,NULL,NULL,NULL,NULL,NULL,NULL,NULL,NULL,NULL,NULL,NULL,NULL,NULL,NULL,NULL,NULL,NULL,NULL,NULL,NULL,NULL
Venezuela (Bolivarian Republic of),Venezuela Bolivarian Republic of,Latin America + Caribbean,South America,NULL,NULL,NULL,NULL,NULL,NULL,NULL,NULL,NULL,NULL,NULL,NULL,NULL,NULL,NULL,NULL,NULL,NULL,NULL,NULL,NULL,NULL,NULL
Viet Nam,Viet Nam,Asia + Pacific,South East Asia,NULL,NULL,NULL,NULL,NULL,NULL,NULL,NULL,NULL,NULL,NULL,NULL,NULL,NULL,NULL,NULL,NULL,NULL,NULL,NULL,NULL,NULL,NULL
Wake Island,United States of America,Asia + Pacific,South Pacific,NULL,NULL,NULL,NULL,NULL,NULL,NULL,NULL,NULL,NULL,NULL,NULL,NULL,NULL,NULL,NULL,NULL,NULL,NULL,NULL,NULL,NULL,NULL
Wallis and Futuna,France,Asia + Pacific,South Pacific,NULL,NULL,NULL,NULL,NULL,NULL,NULL,NULL,NULL,NULL,NULL,NULL,NULL,NULL,NULL,NULL,NULL,NULL,NULL,NULL,NULL,NULL,NULL
Western Sahara,Western Sahara,Africa,Northern Africa,NULL,NULL,NULL,NULL,NULL,NULL,NULL,NULL,NULL,NULL,NULL,NULL,NULL,NULL,NULL,NULL,NULL,NULL,NULL,NULL,NULL,NULL,NULL
Yemen,Yemen,West Asia,Arabian Peninsula,NULL,NULL,NULL,NULL,NULL,NULL,NULL,NULL,NULL,NULL,NULL,NULL,NULL,NULL,NULL,NULL,NULL,NULL,NULL,NULL,NULL,NULL,NULL
Zambia,Zambia,Africa,Southern Africa,NULL,NULL,NULL,NULL,NULL,NULL,NULL,NULL,NULL,NULL,NULL,NULL,NULL,NULL,NULL,NULL,NULL,NULL,NULL,NULL,NULL,NULL,NULL
Zimbabwe,Zimbabwe,Africa,Southern Africa,NULL,NULL,NULL,NULL,NULL,NULL,NULL,NULL,NULL,NULL,NULL,NULL,NULL,NULL,NULL,NULL,NULL,NULL,NULL,NULL,NULL,NULL,NULL
